trans_id,account_id,date,type,operation,amount,balance,k_symbol,bank,account
1,1,1995-03-24,PRIJEM,VKLAD,1000,1000,NULL,NULL,NULL
5,1,1995-04-13,PRIJEM,"PREVOD Z UCTU",3679,4679,NULL,AB,41403269
6,1,1995-05-13,PRIJEM,"PREVOD Z UCTU",3679,20977,NULL,AB,41403269
7,1,1995-06-13,PRIJEM,"PREVOD Z UCTU",3679,26835,NULL,AB,41403269
8,1,1995-07-13,PRIJEM,"PREVOD Z UCTU",3679,30415,NULL,AB,41403269
9,1,1995-08-13,PRIJEM,"PREVOD Z UCTU",3679,28903,NULL,AB,41403269
10,1,1995-09-13,PRIJEM,"PREVOD Z UCTU",3679,22714,NULL,AB,41403269
11,1,1995-10-13,PRIJEM,"PREVOD Z UCTU",3679,23318,NULL,AB,41403269
12,1,1995-11-13,PRIJEM,"PREVOD Z UCTU",3679,21721,NULL,AB,41403269
13,1,1995-12-13,PRIJEM,"PREVOD Z UCTU",3679,20249,NULL,AB,41403269
14,1,1996-01-13,PRIJEM,"PREVOD Z UCTU",3679,17870,NULL,AB,41403269
15,1,1996-02-13,PRIJEM,"PREVOD Z UCTU",3679,14807,NULL,AB,41403269
16,1,1996-03-13,PRIJEM,"PREVOD Z UCTU",3679,16179,NULL,AB,41403269
17,1,1996-04-13,PRIJEM,"PREVOD Z UCTU",3679,17657,NULL,AB,41403269
18,1,1996-05-13,PRIJEM,"PREVOD Z UCTU",3679,16937,NULL,AB,41403269
19,1,1996-06-13,PRIJEM,"PREVOD Z UCTU",3679,15652,NULL,AB,41403269
20,1,1996-07-13,PRIJEM,"PREVOD Z UCTU",3679,17970,NULL,AB,41403269
21,1,1996-08-13,PRIJEM,"PREVOD Z UCTU",3679,18126,NULL,AB,41403269
22,1,1996-09-13,PRIJEM,"PREVOD Z UCTU",3679,20404,NULL,AB,41403269
23,1,1996-10-13,PRIJEM,"PREVOD Z UCTU",3679,19995,NULL,AB,41403269
24,1,1996-11-13,PRIJEM,"PREVOD Z UCTU",3679,18011,NULL,AB,41403269
25,1,1996-12-13,PRIJEM,"PREVOD Z UCTU",3679,16495,NULL,AB,41403269
26,1,1997-01-13,PRIJEM,"PREVOD Z UCTU",3679,15087,NULL,AB,41403269
27,1,1997-02-13,PRIJEM,"PREVOD Z UCTU",3679,15745,NULL,AB,41403269
28,1,1997-03-13,PRIJEM,"PREVOD Z UCTU",3679,15815,NULL,AB,41403269
29,1,1997-04-13,PRIJEM,"PREVOD Z UCTU",3679,12480,NULL,AB,41403269
30,1,1997-05-13,PRIJEM,"PREVOD Z UCTU",3679,13742,NULL,AB,41403269
31,1,1997-06-13,PRIJEM,"PREVOD Z UCTU",3679,13838,NULL,AB,41403269
32,1,1997-07-13,PRIJEM,"PREVOD Z UCTU",3679,16606,NULL,AB,41403269
33,1,1997-08-13,PRIJEM,"PREVOD Z UCTU",3679,16682,NULL,AB,41403269
34,1,1997-09-13,PRIJEM,"PREVOD Z UCTU",3679,16702,NULL,AB,41403269
35,1,1997-10-13,PRIJEM,"PREVOD Z UCTU",3679,17979,NULL,AB,41403269
36,1,1997-11-13,PRIJEM,"PREVOD Z UCTU",3679,18164,NULL,AB,41403269
37,1,1997-12-13,PRIJEM,"PREVOD Z UCTU",3679,14749,NULL,AB,41403269
38,1,1998-01-13,PRIJEM,"PREVOD Z UCTU",3679,15353,NULL,AB,41403269
39,1,1998-02-13,PRIJEM,"PREVOD Z UCTU",3679,14901,NULL,AB,41403269
40,1,1998-03-13,PRIJEM,"PREVOD Z UCTU",3679,16170,NULL,AB,41403269
41,1,1998-04-13,PRIJEM,"PREVOD Z UCTU",3679,15585,NULL,AB,41403269
42,1,1998-05-13,PRIJEM,"PREVOD Z UCTU",3679,16677,NULL,AB,41403269
43,1,1998-06-13,PRIJEM,"PREVOD Z UCTU",3679,17957,NULL,AB,41403269
44,1,1998-07-13,PRIJEM,"PREVOD Z UCTU",3679,18790,NULL,AB,41403269
45,1,1998-08-13,PRIJEM,"PREVOD Z UCTU",3679,19808,NULL,AB,41403269
46,1,1998-09-13,PRIJEM,"PREVOD Z UCTU",3679,14598,NULL,AB,41403269
47,1,1998-10-13,PRIJEM,"PREVOD Z UCTU",3679,15869,NULL,AB,41403269
48,1,1998-11-13,PRIJEM,"PREVOD Z UCTU",3679,17144,NULL,AB,41403269
49,1,1998-12-13,PRIJEM,"PREVOD Z UCTU",3679,13414,NULL,AB,41403269
58,1,1995-09-05,VYDAJ,"PREVOD NA UCET",2452,19035,SIPO,YZ,87144583
59,1,1995-10-05,VYDAJ,"PREVOD NA UCET",2452,19639,SIPO,YZ,87144583
60,1,1995-11-05,VYDAJ,"PREVOD NA UCET",2452,18042,SIPO,YZ,87144583
61,1,1995-12-05,VYDAJ,"PREVOD NA UCET",2452,16570,SIPO,YZ,87144583
62,1,1996-01-05,VYDAJ,"PREVOD NA UCET",2452,15511,SIPO,YZ,87144583
63,1,1996-02-05,VYDAJ,"PREVOD NA UCET",2452,11128,SIPO,YZ,87144583
64,1,1996-03-05,VYDAJ,"PREVOD NA UCET",2452,12500,SIPO,YZ,87144583
65,1,1996-04-05,VYDAJ,"PREVOD NA UCET",2452,13978,SIPO,YZ,87144583
66,1,1996-05-05,VYDAJ,"PREVOD NA UCET",2452,13258,SIPO,YZ,87144583
67,1,1996-06-05,VYDAJ,"PREVOD NA UCET",2452,11973,SIPO,YZ,87144583
68,1,1996-07-05,VYDAJ,"PREVOD NA UCET",2452,14291,SIPO,YZ,87144583
69,1,1996-08-05,VYDAJ,"PREVOD NA UCET",2452,14447,SIPO,YZ,87144583
70,1,1996-09-05,VYDAJ,"PREVOD NA UCET",2452,16725,SIPO,YZ,87144583
71,1,1996-10-05,VYDAJ,"PREVOD NA UCET",2452,16316,SIPO,YZ,87144583
72,1,1996-11-05,VYDAJ,"PREVOD NA UCET",2452,14332,SIPO,YZ,87144583
73,1,1996-12-05,VYDAJ,"PREVOD NA UCET",2452,12816,SIPO,YZ,87144583
74,1,1997-01-05,VYDAJ,"PREVOD NA UCET",2452,10208,SIPO,YZ,87144583
75,1,1997-02-05,VYDAJ,"PREVOD NA UCET",2452,10366,SIPO,YZ,87144583
76,1,1997-03-05,VYDAJ,"PREVOD NA UCET",2452,12136,SIPO,YZ,87144583
77,1,1997-04-05,VYDAJ,"PREVOD NA UCET",2452,8801,SIPO,YZ,87144583
78,1,1997-05-05,VYDAJ,"PREVOD NA UCET",2452,10063,SIPO,YZ,87144583
79,1,1997-06-05,VYDAJ,"PREVOD NA UCET",2452,10159,SIPO,YZ,87144583
80,1,1997-07-05,VYDAJ,"PREVOD NA UCET",2452,11427,SIPO,YZ,87144583
81,1,1997-08-05,VYDAJ,"PREVOD NA UCET",2452,14203,SIPO,YZ,87144583
82,1,1997-09-05,VYDAJ,"PREVOD NA UCET",2452,13413,SIPO,YZ,87144583
83,1,1997-10-05,VYDAJ,"PREVOD NA UCET",2452,14300,SIPO,YZ,87144583
84,1,1997-11-05,VYDAJ,"PREVOD NA UCET",2452,15585,SIPO,YZ,87144583
85,1,1997-12-05,VYDAJ,"PREVOD NA UCET",2452,15770,SIPO,YZ,87144583
86,1,1998-01-05,VYDAJ,"PREVOD NA UCET",2452,11774,SIPO,YZ,87144583
87,1,1998-02-05,VYDAJ,"PREVOD NA UCET",2452,10722,SIPO,YZ,87144583
88,1,1998-03-05,VYDAJ,"PREVOD NA UCET",2452,12491,SIPO,YZ,87144583
89,1,1998-04-05,VYDAJ,"PREVOD NA UCET",2452,11906,SIPO,YZ,87144583
90,1,1998-05-05,VYDAJ,"PREVOD NA UCET",2452,12998,SIPO,YZ,87144583
91,1,1998-06-05,VYDAJ,"PREVOD NA UCET",2452,14278,SIPO,YZ,87144583
92,1,1998-07-05,VYDAJ,"PREVOD NA UCET",2452,15111,SIPO,YZ,87144583
93,1,1998-08-05,VYDAJ,"PREVOD NA UCET",2452,16129,SIPO,YZ,87144583
94,1,1998-09-05,VYDAJ,"PREVOD NA UCET",2452,10919,SIPO,YZ,87144583
95,1,1998-10-05,VYDAJ,"PREVOD NA UCET",2452,12190,SIPO,YZ,87144583
96,1,1998-11-05,VYDAJ,"PREVOD NA UCET",2452,13465,SIPO,YZ,87144583
97,1,1998-12-05,VYDAJ,"PREVOD NA UCET",2452,9735,SIPO,YZ,87144583
98,1,1995-12-24,VYDAJ,VYBER,540,18109,NULL,NULL,NULL
99,1,1996-12-18,VYDAJ,VYBER,180,12615,NULL,NULL,NULL
108,1,1996-01-21,VYDAJ,VYBER,870,13950,NULL,NULL,NULL
109,1,1996-01-18,VYDAJ,VYBER,150,14820,NULL,NULL,NULL
110,1,1996-01-04,VYDAJ,VYBER,210,17963,NULL,NULL,NULL
111,1,1996-01-09,VYDAJ,VYBER,720,14611,NULL,NULL,NULL
112,1,1996-01-09,VYDAJ,VYBER,180,15331,NULL,NULL,NULL
113,1,1996-01-10,VYDAJ,VYBER,420,14191,NULL,NULL,NULL
114,1,1997-01-30,VYDAJ,VYBER,840,12777,NULL,NULL,NULL
117,1,1997-01-13,VYDAJ,VYBER,630,14457,NULL,NULL,NULL
118,1,1997-01-22,VYDAJ,VYBER,450,13617,NULL,NULL,NULL
119,1,1997-01-19,VYDAJ,VYBER,390,14067,NULL,NULL,NULL
121,1,1998-01-03,VYDAJ,VYBER,570,14226,NULL,NULL,NULL
122,1,1998-01-28,VYDAJ,VYBER,480,13133,NULL,NULL,NULL
123,1,1998-01-24,VYDAJ,VYBER,330,13613,NULL,NULL,NULL
125,1,1998-01-19,VYDAJ,VYBER,810,13943,NULL,NULL,NULL
127,1,1995-11-30,VYDAJ,VYBER,870,19036,NULL,NULL,NULL
131,1,1996-05-13,VYDAJ,VYBER,660,16277,NULL,NULL,NULL
132,1,1996-06-22,VYDAJ,VYBER,360,16692,NULL,NULL,NULL
133,1,1996-07-16,VYDAJ,VYBER,990,17980,NULL,NULL,NULL
134,1,1996-08-26,VYDAJ,VYBER,1410,19116,NULL,NULL,NULL
135,1,1996-10-13,VYDAJ,VYBER,270,19725,NULL,NULL,NULL
136,1,1996-08-05,VYDAJ,VYBER,1140,16899,NULL,NULL,NULL
137,1,1996-01-27,VYDAJ,VYBER,420,13530,NULL,NULL,NULL
138,1,1997-02-16,VYDAJ,VYBER,570,15175,NULL,NULL,NULL
139,1,1997-08-28,VYDAJ,VYBER,870,15812,NULL,NULL,NULL
140,1,1997-09-05,VYDAJ,VYBER,390,13023,NULL,NULL,NULL
141,1,1997-02-24,VYDAJ,VYBER,630,14545,NULL,NULL,NULL
142,1,1997-05-27,VYDAJ,VYBER,1170,12572,NULL,NULL,NULL
143,1,1998-03-17,VYDAJ,VYBER,810,15360,NULL,NULL,NULL
144,1,1998-08-03,VYDAJ,VYBER,270,18581,NULL,NULL,NULL
146,1,1998-11-14,VYDAJ,VYBER,510,16634,NULL,NULL,NULL
147,1,1998-04-04,VYDAJ,VYBER,1050,14358,NULL,NULL,NULL
148,1,1998-04-28,VYDAJ,VYBER,180,15405,NULL,NULL,NULL
149,1,1998-06-24,VYDAJ,VYBER,450,17507,NULL,NULL,NULL
150,1,1998-01-17,VYDAJ,VYBER,600,14753,NULL,NULL,NULL
159,1,1995-08-31,VYDAJ,VYBER,15,21487,SLUZBY,NULL,NULL
160,1,1995-09-30,VYDAJ,VYBER,15,22091,SLUZBY,NULL,NULL
161,1,1995-10-31,VYDAJ,VYBER,15,20494,SLUZBY,NULL,NULL
162,1,1995-11-30,VYDAJ,VYBER,15,19022,SLUZBY,NULL,NULL
163,1,1995-12-31,VYDAJ,VYBER,15,18173,SLUZBY,NULL,NULL
164,1,1996-01-31,VYDAJ,VYBER,15,13580,SLUZBY,NULL,NULL
165,1,1996-02-29,VYDAJ,VYBER,15,14952,SLUZBY,NULL,NULL
166,1,1996-03-31,VYDAJ,VYBER,15,16430,SLUZBY,NULL,NULL
167,1,1996-04-30,VYDAJ,VYBER,15,15710,SLUZBY,NULL,NULL
168,1,1996-05-31,VYDAJ,VYBER,15,14425,SLUZBY,NULL,NULL
169,1,1996-06-30,VYDAJ,VYBER,15,16743,SLUZBY,NULL,NULL
170,1,1996-07-31,VYDAJ,VYBER,15,18039,SLUZBY,NULL,NULL
171,1,1996-08-31,VYDAJ,VYBER,15,19177,SLUZBY,NULL,NULL
172,1,1996-09-30,VYDAJ,VYBER,15,18768,SLUZBY,NULL,NULL
173,1,1996-10-31,VYDAJ,VYBER,15,16784,SLUZBY,NULL,NULL
174,1,1996-11-30,VYDAJ,VYBER,15,15268,SLUZBY,NULL,NULL
175,1,1996-12-31,VYDAJ,VYBER,15,12660,SLUZBY,NULL,NULL
176,1,1997-01-31,VYDAJ,VYBER,15,12818,SLUZBY,NULL,NULL
177,1,1997-02-28,VYDAJ,VYBER,15,14588,SLUZBY,NULL,NULL
178,1,1997-03-31,VYDAJ,VYBER,15,11253,SLUZBY,NULL,NULL
179,1,1997-04-30,VYDAJ,VYBER,15,12515,SLUZBY,NULL,NULL
180,1,1997-05-31,VYDAJ,VYBER,15,12611,SLUZBY,NULL,NULL
181,1,1997-06-30,VYDAJ,VYBER,15,13879,SLUZBY,NULL,NULL
182,1,1997-07-31,VYDAJ,VYBER,15,16655,SLUZBY,NULL,NULL
183,1,1997-08-31,VYDAJ,VYBER,15,15865,SLUZBY,NULL,NULL
184,1,1997-09-30,VYDAJ,VYBER,15,16752,SLUZBY,NULL,NULL
185,1,1997-10-31,VYDAJ,VYBER,15,18037,SLUZBY,NULL,NULL
186,1,1997-11-30,VYDAJ,VYBER,15,18222,SLUZBY,NULL,NULL
187,1,1997-12-31,VYDAJ,VYBER,15,14796,SLUZBY,NULL,NULL
188,1,1998-01-31,VYDAJ,VYBER,15,13174,SLUZBY,NULL,NULL
189,1,1998-02-28,VYDAJ,VYBER,15,14943,SLUZBY,NULL,NULL
190,1,1998-03-31,VYDAJ,VYBER,15,15408,SLUZBY,NULL,NULL
191,1,1998-04-30,VYDAJ,VYBER,15,15450,SLUZBY,NULL,NULL
192,1,1998-05-31,VYDAJ,VYBER,15,16730,SLUZBY,NULL,NULL
193,1,1998-06-30,VYDAJ,VYBER,15,17563,SLUZBY,NULL,NULL
194,1,1998-07-31,VYDAJ,VYBER,15,18851,SLUZBY,NULL,NULL
195,1,1998-08-31,VYDAJ,VYBER,15,19871,SLUZBY,NULL,NULL
196,1,1998-09-30,VYDAJ,VYBER,15,14642,SLUZBY,NULL,NULL
197,1,1998-10-31,VYDAJ,VYBER,15,15917,SLUZBY,NULL,NULL
198,1,1998-11-30,VYDAJ,VYBER,15,16687,SLUZBY,NULL,NULL
199,1,1995-04-23,PRIJEM,VKLAD,12600,17279,NULL,NULL,NULL
200,1,1995-05-23,PRIJEM,VKLAD,2100,23077,NULL,NULL,NULL
201,1,1995-06-22,VYDAJ,VYBER,200,26635,NULL,NULL,NULL
202,1,1995-07-22,VYDAJ,VYBER,5300,25115,NULL,NULL,NULL
203,1,1995-08-21,VYDAJ,VYBER,7500,21403,NULL,NULL,NULL
204,1,1995-09-20,VYDAJ,VYBER,700,22014,NULL,NULL,NULL
205,1,1995-10-20,VYDAJ,VYBER,2900,20418,NULL,NULL,NULL
206,1,1995-11-19,VYDAJ,VYBER,1900,19821,NULL,NULL,NULL
207,1,1995-12-19,VYDAJ,VYBER,1600,18649,NULL,NULL,NULL
208,1,1996-01-18,VYDAJ,VYBER,2900,14970,NULL,NULL,NULL
209,1,1996-02-17,PRIJEM,VKLAD,100,14907,NULL,NULL,NULL
210,1,1996-03-18,PRIJEM,VKLAD,200,16379,NULL,NULL,NULL
211,1,1996-04-17,VYDAJ,VYBER,2000,15657,NULL,NULL,NULL
212,1,1996-05-17,VYDAJ,VYBER,1900,14377,NULL,NULL,NULL
213,1,1996-06-16,PRIJEM,VKLAD,1400,17052,NULL,NULL,NULL
214,1,1996-07-16,PRIJEM,VKLAD,1000,18970,NULL,NULL,NULL
215,1,1996-08-15,PRIJEM,VKLAD,2400,20526,NULL,NULL,NULL
216,1,1996-09-14,VYDAJ,VYBER,1700,18704,NULL,NULL,NULL
217,1,1996-10-14,VYDAJ,VYBER,3000,16725,NULL,NULL,NULL
218,1,1996-11-13,VYDAJ,VYBER,2800,15211,NULL,NULL,NULL
219,1,1996-12-13,VYDAJ,VYBER,3700,12795,NULL,NULL,NULL
220,1,1997-01-12,PRIJEM,VKLAD,1200,11408,NULL,NULL,NULL
221,1,1997-02-11,PRIJEM,VKLAD,1700,12066,NULL,NULL,NULL
222,1,1997-03-13,VYDAJ,VYBER,4600,11215,NULL,NULL,NULL
223,1,1997-07-11,PRIJEM,VKLAD,1500,12927,NULL,NULL,NULL
224,1,1997-08-10,VYDAJ,VYBER,1200,13003,NULL,NULL,NULL
225,1,1997-11-08,VYDAJ,VYBER,1100,14485,NULL,NULL,NULL
226,1,1997-12-08,VYDAJ,VYBER,4700,11070,NULL,NULL,NULL
227,1,1998-01-07,VYDAJ,VYBER,100,11674,NULL,NULL,NULL
228,1,1998-02-06,PRIJEM,VKLAD,500,11222,NULL,NULL,NULL
229,1,1998-09-04,VYDAJ,VYBER,6500,13371,NULL,NULL,NULL
230,1,1998-12-03,VYDAJ,VYBER,4500,12187,NULL,NULL,NULL
276,2,1993-02-26,PRIJEM,VKLAD,1100,1100,NULL,NULL,NULL
279,2,1993-03-12,PRIJEM,"PREVOD Z UCTU",20236,21336,NULL,ST,66487163
280,2,1993-04-12,PRIJEM,"PREVOD Z UCTU",20236,45286,NULL,ST,66487163
281,2,1993-05-12,PRIJEM,"PREVOD Z UCTU",20236,54631,NULL,ST,66487163
282,2,1993-06-12,PRIJEM,"PREVOD Z UCTU",30354,67530,NULL,ST,66487163
283,2,1993-07-12,PRIJEM,"PREVOD Z UCTU",20236,62326,NULL,ST,66487163
284,2,1993-08-12,PRIJEM,"PREVOD Z UCTU",20236,49139,NULL,ST,66487163
285,2,1993-09-12,PRIJEM,"PREVOD Z UCTU",20236,39962,NULL,ST,66487163
286,2,1993-10-12,PRIJEM,"PREVOD Z UCTU",20236,30744,NULL,ST,66487163
287,2,1993-11-12,PRIJEM,"PREVOD Z UCTU",20236,40800,NULL,ST,66487163
288,2,1993-12-12,PRIJEM,"PREVOD Z UCTU",30354,47213,NULL,ST,66487163
289,2,1994-01-12,PRIJEM,"PREVOD Z UCTU",20236,40811,NULL,ST,66487163
290,2,1994-02-12,PRIJEM,"PREVOD Z UCTU",20236,33009,NULL,ST,66487163
291,2,1994-03-12,PRIJEM,"PREVOD Z UCTU",20236,39200,NULL,ST,66487163
292,2,1994-04-12,PRIJEM,"PREVOD Z UCTU",20236,44012,NULL,ST,66487163
293,2,1994-05-12,PRIJEM,"PREVOD Z UCTU",20236,46144,NULL,ST,66487163
294,2,1994-06-12,PRIJEM,"PREVOD Z UCTU",30354,43381,NULL,ST,66487163
295,2,1994-07-12,PRIJEM,"PREVOD Z UCTU",20236,38690,NULL,ST,66487163
296,2,1994-08-12,PRIJEM,"PREVOD Z UCTU",20236,43894,NULL,ST,66487163
297,2,1994-09-12,PRIJEM,"PREVOD Z UCTU",20236,45820,NULL,ST,66487163
298,2,1994-10-12,PRIJEM,"PREVOD Z UCTU",20236,38700,NULL,ST,66487163
299,2,1994-11-12,PRIJEM,"PREVOD Z UCTU",20236,45013,NULL,ST,66487163
300,2,1994-12-12,PRIJEM,"PREVOD Z UCTU",30354,51152,NULL,ST,66487163
301,2,1995-01-12,PRIJEM,"PREVOD Z UCTU",20236,45884,NULL,ST,66487163
302,2,1995-02-12,PRIJEM,"PREVOD Z UCTU",20236,33385,NULL,ST,66487163
303,2,1995-03-12,PRIJEM,"PREVOD Z UCTU",20236,41078,NULL,ST,66487163
304,2,1995-04-12,PRIJEM,"PREVOD Z UCTU",20236,46595,NULL,ST,66487163
305,2,1995-05-12,PRIJEM,"PREVOD Z UCTU",20236,38898,NULL,ST,66487163
306,2,1995-06-12,PRIJEM,"PREVOD Z UCTU",30354,46121,NULL,ST,66487163
307,2,1995-07-12,PRIJEM,"PREVOD Z UCTU",20236,49575,NULL,ST,66487163
308,2,1995-08-12,PRIJEM,"PREVOD Z UCTU",20236,50919,NULL,ST,66487163
309,2,1995-09-12,PRIJEM,"PREVOD Z UCTU",20236,34252,NULL,ST,66487163
310,2,1995-10-12,PRIJEM,"PREVOD Z UCTU",20236,42344,NULL,ST,66487163
311,2,1995-11-12,PRIJEM,"PREVOD Z UCTU",20236,39813,NULL,ST,66487163
312,2,1995-12-12,PRIJEM,"PREVOD Z UCTU",30354,58147,NULL,ST,66487163
313,2,1996-01-12,PRIJEM,"PREVOD Z UCTU",20236,36992,NULL,ST,66487163
314,2,1996-02-12,PRIJEM,"PREVOD Z UCTU",20236,41548,NULL,ST,66487163
315,2,1996-03-12,PRIJEM,"PREVOD Z UCTU",20236,51138,NULL,ST,66487163
316,2,1996-04-12,PRIJEM,"PREVOD Z UCTU",20236,47980,NULL,ST,66487163
317,2,1996-05-12,PRIJEM,"PREVOD Z UCTU",20236,42558,NULL,ST,66487163
318,2,1996-06-12,PRIJEM,"PREVOD Z UCTU",30354,51880,NULL,ST,66487163
319,2,1996-07-12,PRIJEM,"PREVOD Z UCTU",20236,59600,NULL,ST,66487163
320,2,1996-08-12,PRIJEM,"PREVOD Z UCTU",20236,47812,NULL,ST,66487163
321,2,1996-09-12,PRIJEM,"PREVOD Z UCTU",20236,52135,NULL,ST,66487163
322,2,1996-10-12,PRIJEM,"PREVOD Z UCTU",20236,48910,NULL,ST,66487163
323,2,1996-11-12,PRIJEM,"PREVOD Z UCTU",20236,53537,NULL,ST,66487163
324,2,1996-12-12,PRIJEM,"PREVOD Z UCTU",30354,61002,NULL,ST,66487163
325,2,1997-01-12,PRIJEM,"PREVOD Z UCTU",20236,47061,NULL,ST,66487163
326,2,1997-02-12,PRIJEM,"PREVOD Z UCTU",20236,45273,NULL,ST,66487163
327,2,1997-03-12,PRIJEM,"PREVOD Z UCTU",20236,50579,NULL,ST,66487163
328,2,1997-04-12,PRIJEM,"PREVOD Z UCTU",20236,56383,NULL,ST,66487163
329,2,1997-05-12,PRIJEM,"PREVOD Z UCTU",20236,62840,NULL,ST,66487163
330,2,1997-06-12,PRIJEM,"PREVOD Z UCTU",30354,69302,NULL,ST,66487163
331,2,1997-07-12,PRIJEM,"PREVOD Z UCTU",20236,50616,NULL,ST,66487163
332,2,1997-08-12,PRIJEM,"PREVOD Z UCTU",20236,52043,NULL,ST,66487163
333,2,1997-09-12,PRIJEM,"PREVOD Z UCTU",20236,51916,NULL,ST,66487163
334,2,1997-10-12,PRIJEM,"PREVOD Z UCTU",20236,55262,NULL,ST,66487163
335,2,1997-11-12,PRIJEM,"PREVOD Z UCTU",20236,51615,NULL,ST,66487163
336,2,1997-12-12,PRIJEM,"PREVOD Z UCTU",30354,62183,NULL,ST,66487163
337,2,1998-01-12,PRIJEM,"PREVOD Z UCTU",20236,45346,NULL,ST,66487163
338,2,1998-02-12,PRIJEM,"PREVOD Z UCTU",20236,40752,NULL,ST,66487163
339,2,1998-03-12,PRIJEM,"PREVOD Z UCTU",20236,49746,NULL,ST,66487163
340,2,1998-04-12,PRIJEM,"PREVOD Z UCTU",20236,43827,NULL,ST,66487163
341,2,1998-05-12,PRIJEM,"PREVOD Z UCTU",20236,43128,NULL,ST,66487163
342,2,1998-06-12,PRIJEM,"PREVOD Z UCTU",30354,59856,NULL,ST,66487163
343,2,1998-07-12,PRIJEM,"PREVOD Z UCTU",20236,59512,NULL,ST,66487163
344,2,1998-08-12,PRIJEM,"PREVOD Z UCTU",20236,60184,NULL,ST,66487163
345,2,1998-09-12,PRIJEM,"PREVOD Z UCTU",20236,55836,NULL,ST,66487163
346,2,1998-10-12,PRIJEM,"PREVOD Z UCTU",20236,53786,NULL,ST,66487163
347,2,1998-11-12,PRIJEM,"PREVOD Z UCTU",20236,54535,NULL,ST,66487163
348,2,1998-12-12,PRIJEM,"PREVOD Z UCTU",30354,54171,NULL,ST,66487163
355,2,1993-07-11,VYDAJ,VYBER,3200,42090,NULL,NULL,0
356,2,1993-08-07,VYDAJ,VYBER,2900,28903,NULL,NULL,0
357,2,1993-09-14,VYDAJ,VYBER,3600,36362,NULL,NULL,0
358,2,1993-10-03,VYDAJ,VYBER,4000,17774,NULL,NULL,0
359,2,1993-11-21,VYDAJ,VYBER,3800,37000,NULL,NULL,0
360,2,1993-12-08,VYDAJ,VYBER,3500,21059,NULL,NULL,0
361,2,1994-01-12,VYDAJ,"PREVOD NA UCET",3373,35338,UVER,ST,89597016
362,2,1994-02-12,VYDAJ,"PREVOD NA UCET",3373,29636,UVER,ST,89597016
363,2,1994-03-12,VYDAJ,"PREVOD NA UCET",3373,35827,UVER,ST,89597016
364,2,1994-04-12,VYDAJ,"PREVOD NA UCET",3373,40639,UVER,ST,89597016
365,2,1994-05-12,VYDAJ,"PREVOD NA UCET",3373,42772,UVER,ST,89597016
366,2,1994-06-12,VYDAJ,"PREVOD NA UCET",3373,40009,UVER,ST,89597016
367,2,1994-07-12,VYDAJ,"PREVOD NA UCET",3373,35317,UVER,ST,89597016
368,2,1994-08-12,VYDAJ,"PREVOD NA UCET",3373,40522,UVER,ST,89597016
369,2,1994-09-12,VYDAJ,"PREVOD NA UCET",3373,42447,UVER,ST,89597016
370,2,1994-10-12,VYDAJ,"PREVOD NA UCET",3373,35328,UVER,ST,89597016
371,2,1994-11-12,VYDAJ,"PREVOD NA UCET",3373,41641,UVER,ST,89597016
372,2,1994-12-12,VYDAJ,"PREVOD NA UCET",3373,47780,UVER,ST,89597016
373,2,1995-01-12,VYDAJ,"PREVOD NA UCET",3373,36211,UVER,ST,89597016
374,2,1995-02-12,VYDAJ,"PREVOD NA UCET",3373,30012,UVER,ST,89597016
375,2,1995-03-12,VYDAJ,"PREVOD NA UCET",3373,37705,UVER,ST,89597016
376,2,1995-04-12,VYDAJ,"PREVOD NA UCET",3373,43222,UVER,ST,89597016
377,2,1995-05-12,VYDAJ,"PREVOD NA UCET",3373,35526,UVER,ST,89597016
378,2,1995-06-12,VYDAJ,"PREVOD NA UCET",3373,42749,UVER,ST,89597016
379,2,1995-07-12,VYDAJ,"PREVOD NA UCET",3373,46202,UVER,ST,89597016
380,2,1995-08-12,VYDAJ,"PREVOD NA UCET",3373,47547,UVER,ST,89597016
381,2,1995-09-12,VYDAJ,"PREVOD NA UCET",3373,30879,UVER,ST,89597016
382,2,1995-10-12,VYDAJ,"PREVOD NA UCET",3373,38972,UVER,ST,89597016
383,2,1995-11-12,VYDAJ,"PREVOD NA UCET",3373,36440,UVER,ST,89597016
384,2,1995-12-12,VYDAJ,"PREVOD NA UCET",3373,54774,UVER,ST,89597016
385,2,1996-01-22,VYDAJ,VYBER,4700,22692,NULL,NULL,0
386,2,1996-02-16,VYDAJ,VYBER,3500,38048,NULL,NULL,0
387,2,1996-03-28,VYDAJ,VYBER,2200,38538,NULL,NULL,0
388,2,1996-04-26,VYDAJ,VYBER,2500,22735,NULL,NULL,0
389,2,1996-05-17,VYDAJ,VYBER,3100,32558,NULL,NULL,0
390,2,1996-06-03,VYDAJ,VYBER,2900,21292,NULL,NULL,0
391,2,1996-07-18,VYDAJ,VYBER,3000,56600,NULL,NULL,0
392,2,1996-08-13,VYDAJ,VYBER,3200,44612,NULL,NULL,0
393,2,1996-09-11,VYDAJ,VYBER,2800,31899,NULL,NULL,0
394,2,1996-10-22,VYDAJ,VYBER,3500,45410,NULL,NULL,0
395,2,1996-11-08,VYDAJ,VYBER,3100,33301,NULL,NULL,0
396,2,1996-12-04,VYDAJ,VYBER,3600,45914,NULL,NULL,0
397,2,1997-01-24,VYDAJ,VYBER,2100,29661,NULL,NULL,0
398,2,1997-02-13,VYDAJ,VYBER,2000,43273,NULL,NULL,0
399,2,1997-02-27,VYDAJ,VYBER,4400,38873,NULL,NULL,0
400,2,1997-04-15,VYDAJ,VYBER,3100,53283,NULL,NULL,0
401,2,1997-05-15,VYDAJ,VYBER,3100,59740,NULL,NULL,0
402,2,1997-06-01,VYDAJ,VYBER,3400,53814,NULL,NULL,0
403,2,1997-07-18,VYDAJ,VYBER,2600,48016,NULL,NULL,0
404,2,1997-08-14,VYDAJ,VYBER,3300,48743,NULL,NULL,0
405,2,1997-09-09,VYDAJ,VYBER,3900,31680,NULL,NULL,0
406,2,1997-10-14,VYDAJ,VYBER,3800,51462,NULL,NULL,0
407,2,1997-11-11,VYDAJ,VYBER,3100,31379,NULL,NULL,0
408,2,1997-12-21,VYDAJ,VYBER,2800,53683,NULL,NULL,0
409,2,1998-01-06,VYDAJ,VYBER,3200,33210,NULL,NULL,0
410,2,1998-02-03,VYDAJ,VYBER,4000,27782,NULL,NULL,0
411,2,1998-03-23,VYDAJ,VYBER,2700,28927,NULL,NULL,0
412,2,1998-04-21,VYDAJ,VYBER,3400,40427,NULL,NULL,0
413,2,1998-05-05,VYDAJ,VYBER,3600,30158,NULL,NULL,0
414,2,1998-06-15,VYDAJ,VYBER,3500,56356,NULL,NULL,0
415,2,1998-07-06,VYDAJ,VYBER,2000,39276,NULL,NULL,0
416,2,1998-08-10,VYDAJ,VYBER,3100,39948,NULL,NULL,0
417,2,1998-09-16,VYDAJ,VYBER,4800,51036,NULL,NULL,0
418,2,1998-10-08,VYDAJ,VYBER,3200,33550,NULL,NULL,0
419,2,1998-11-13,VYDAJ,VYBER,2200,52335,NULL,NULL,0
420,2,1998-12-07,VYDAJ,VYBER,3700,23817,NULL,NULL,0
428,2,1993-08-05,VYDAJ,"PREVOD NA UCET",7266,31803,SIPO,QR,13943797
429,2,1993-09-05,VYDAJ,"PREVOD NA UCET",7266,19726,SIPO,QR,13943797
430,2,1993-10-05,VYDAJ,"PREVOD NA UCET",7266,10508,SIPO,QR,13943797
431,2,1993-11-05,VYDAJ,"PREVOD NA UCET",7266,20564,SIPO,QR,13943797
432,2,1993-12-05,VYDAJ,"PREVOD NA UCET",7266,24559,SIPO,QR,13943797
433,2,1994-01-05,VYDAJ,"PREVOD NA UCET",7266,20575,SIPO,QR,13943797
434,2,1994-02-05,VYDAJ,"PREVOD NA UCET",7266,12773,SIPO,QR,13943797
435,2,1994-03-05,VYDAJ,"PREVOD NA UCET",7266,18964,SIPO,QR,13943797
436,2,1994-04-05,VYDAJ,"PREVOD NA UCET",7266,23776,SIPO,QR,13943797
437,2,1994-05-05,VYDAJ,"PREVOD NA UCET",7266,25908,SIPO,QR,13943797
438,2,1994-06-05,VYDAJ,"PREVOD NA UCET",7266,13027,SIPO,QR,13943797
439,2,1994-07-05,VYDAJ,"PREVOD NA UCET",7266,18454,SIPO,QR,13943797
440,2,1994-08-05,VYDAJ,"PREVOD NA UCET",7266,23658,SIPO,QR,13943797
441,2,1994-09-05,VYDAJ,"PREVOD NA UCET",7266,25584,SIPO,QR,13943797
442,2,1994-10-05,VYDAJ,"PREVOD NA UCET",7266,18464,SIPO,QR,13943797
443,2,1994-11-05,VYDAJ,"PREVOD NA UCET",7266,24777,SIPO,QR,13943797
444,2,1994-12-05,VYDAJ,"PREVOD NA UCET",7266,23798,SIPO,QR,13943797
445,2,1995-01-05,VYDAJ,"PREVOD NA UCET",7266,25648,SIPO,QR,13943797
446,2,1995-02-05,VYDAJ,"PREVOD NA UCET",7266,13149,SIPO,QR,13943797
447,2,1995-03-05,VYDAJ,"PREVOD NA UCET",7266,20842,SIPO,QR,13943797
448,2,1995-04-05,VYDAJ,"PREVOD NA UCET",7266,26359,SIPO,QR,13943797
449,2,1995-05-05,VYDAJ,"PREVOD NA UCET",7266,18662,SIPO,QR,13943797
450,2,1995-06-05,VYDAJ,"PREVOD NA UCET",7266,15767,SIPO,QR,13943797
451,2,1995-07-05,VYDAJ,"PREVOD NA UCET",7266,29339,SIPO,QR,13943797
452,2,1995-08-05,VYDAJ,"PREVOD NA UCET",7266,30683,SIPO,QR,13943797
453,2,1995-09-05,VYDAJ,"PREVOD NA UCET",7266,14016,SIPO,QR,13943797
454,2,1995-10-05,VYDAJ,"PREVOD NA UCET",7266,22108,SIPO,QR,13943797
455,2,1995-11-05,VYDAJ,"PREVOD NA UCET",7266,19577,SIPO,QR,13943797
456,2,1995-12-05,VYDAJ,"PREVOD NA UCET",7266,27793,SIPO,QR,13943797
457,2,1996-01-05,VYDAJ,"PREVOD NA UCET",7266,16556,SIPO,QR,13943797
458,2,1996-02-05,VYDAJ,"PREVOD NA UCET",7266,15512,SIPO,QR,13943797
459,2,1996-03-05,VYDAJ,"PREVOD NA UCET",7266,30902,SIPO,QR,13943797
460,2,1996-04-05,VYDAJ,"PREVOD NA UCET",7266,31444,SIPO,QR,13943797
461,2,1996-05-05,VYDAJ,"PREVOD NA UCET",7266,15622,SIPO,QR,13943797
462,2,1996-06-05,VYDAJ,"PREVOD NA UCET",7266,14026,SIPO,QR,13943797
463,2,1996-07-05,VYDAJ,"PREVOD NA UCET",7266,44764,SIPO,QR,13943797
464,2,1996-08-05,VYDAJ,"PREVOD NA UCET",7266,27876,SIPO,QR,13943797
465,2,1996-09-05,VYDAJ,"PREVOD NA UCET",7266,37499,SIPO,QR,13943797
466,2,1996-10-05,VYDAJ,"PREVOD NA UCET",7266,25374,SIPO,QR,13943797
467,2,1996-11-05,VYDAJ,"PREVOD NA UCET",7266,38301,SIPO,QR,13943797
468,2,1996-12-05,VYDAJ,"PREVOD NA UCET",7266,38648,SIPO,QR,13943797
469,2,1997-01-05,VYDAJ,"PREVOD NA UCET",7266,32025,SIPO,QR,13943797
470,2,1997-02-05,VYDAJ,"PREVOD NA UCET",7266,28637,SIPO,QR,13943797
471,2,1997-03-05,VYDAJ,"PREVOD NA UCET",7266,31743,SIPO,QR,13943797
472,2,1997-04-05,VYDAJ,"PREVOD NA UCET",7266,37947,SIPO,QR,13943797
473,2,1997-05-05,VYDAJ,"PREVOD NA UCET",7266,46204,SIPO,QR,13943797
474,2,1997-06-05,VYDAJ,"PREVOD NA UCET",7266,46548,SIPO,QR,13943797
475,2,1997-07-05,VYDAJ,"PREVOD NA UCET",7266,30380,SIPO,QR,13943797
476,2,1997-08-05,VYDAJ,"PREVOD NA UCET",7266,36307,SIPO,QR,13943797
477,2,1997-09-05,VYDAJ,"PREVOD NA UCET",7266,35580,SIPO,QR,13943797
478,2,1997-10-05,VYDAJ,"PREVOD NA UCET",7266,35026,SIPO,QR,13943797
479,2,1997-11-05,VYDAJ,"PREVOD NA UCET",7266,34479,SIPO,QR,13943797
480,2,1997-12-05,VYDAJ,"PREVOD NA UCET",7266,31829,SIPO,QR,13943797
481,2,1998-01-05,VYDAJ,"PREVOD NA UCET",7266,36410,SIPO,QR,13943797
482,2,1998-02-05,VYDAJ,"PREVOD NA UCET",7266,20516,SIPO,QR,13943797
483,2,1998-03-05,VYDAJ,"PREVOD NA UCET",7266,29510,SIPO,QR,13943797
484,2,1998-04-05,VYDAJ,"PREVOD NA UCET",7266,23591,SIPO,QR,13943797
485,2,1998-05-05,VYDAJ,"PREVOD NA UCET",7266,22892,SIPO,QR,13943797
486,2,1998-06-05,VYDAJ,"PREVOD NA UCET",7266,29502,SIPO,QR,13943797
487,2,1998-07-05,VYDAJ,"PREVOD NA UCET",7266,41276,SIPO,QR,13943797
488,2,1998-08-05,VYDAJ,"PREVOD NA UCET",7266,43048,SIPO,QR,13943797
489,2,1998-09-05,VYDAJ,"PREVOD NA UCET",7266,35600,SIPO,QR,13943797
490,2,1998-10-05,VYDAJ,"PREVOD NA UCET",7266,36750,SIPO,QR,13943797
491,2,1998-11-05,VYDAJ,"PREVOD NA UCET",7266,38799,SIPO,QR,13943797
492,2,1998-12-05,VYDAJ,"PREVOD NA UCET",7266,27517,SIPO,QR,13943797
493,2,1993-08-22,VYBER,VYBER,21286,27853,NULL,NULL,NULL
495,2,1993-12-21,VYBER,VYBER,13396,30817,NULL,NULL,NULL
497,2,1993-07-19,VYBER,VYBER,13145,49181,NULL,NULL,NULL
503,2,1994-09-20,VYBER,VYBER,12041,25606,NULL,NULL,NULL
508,2,1995-10-17,VYBER,VYBER,9336,26736,NULL,NULL,NULL
509,2,1995-04-20,VYBER,VYBER,6011,33611,NULL,NULL,NULL
510,2,1995-06-29,VYBER,VYBER,3672,36477,NULL,NULL,NULL
512,2,1995-04-26,VYBER,VYBER,2696,30915,NULL,NULL,NULL
513,2,1995-04-30,VYBER,VYBER,5119,25943,NULL,NULL,NULL
514,2,1995-08-17,VYBER,VYBER,19480,21167,NULL,NULL,NULL
517,2,1996-04-26,VYBER,VYBER,22745,25235,NULL,NULL,NULL
519,2,1996-09-17,VYBER,VYBER,19641,32494,NULL,NULL,NULL
521,2,1996-07-19,VYBER,VYBER,7935,48665,NULL,NULL,NULL
522,2,1996-07-25,VYBER,VYBER,13709,34956,NULL,NULL,NULL
523,2,1996-05-31,VYBER,VYBER,8477,24206,NULL,NULL,NULL
526,2,1997-05-18,VYBER,VYBER,2736,57004,NULL,NULL,NULL
527,2,1997-08-27,VYBER,VYBER,5166,43577,NULL,NULL,NULL
528,2,1997-03-14,VYBER,VYBER,5524,45055,NULL,NULL,NULL
529,2,1998-08-13,VYBER,VYBER,4198,55986,NULL,NULL,NULL
532,2,1998-03-19,VYBER,VYBER,18119,31627,NULL,NULL,NULL
533,2,1998-11-19,VYBER,VYBER,3010,47225,NULL,NULL,NULL
538,2,1997-06-14,VYDAJ,VYBER,42000,27302,NULL,NULL,NULL
542,2,1995-01-22,VYDAJ,VYBER,5100,23311,NULL,NULL,NULL
543,2,1996-01-02,VYDAJ,VYBER,9900,29522,NULL,NULL,NULL
545,2,1998-01-20,VYDAJ,VYBER,11700,30346,NULL,NULL,NULL
546,2,1993-12-10,VYDAJ,VYBER,4200,16859,NULL,NULL,NULL
547,2,1994-12-07,VYDAJ,VYBER,3000,20798,NULL,NULL,NULL
548,2,1995-12-19,VYDAJ,VYBER,4500,39274,NULL,NULL,NULL
549,2,1996-12-21,VYDAJ,VYBER,3300,53202,NULL,NULL,NULL
550,2,1997-12-19,VYDAJ,VYBER,5700,56483,NULL,NULL,NULL
551,2,1998-12-02,VYDAJ,VYBER,1800,34783,NULL,NULL,NULL
560,2,1994-01-18,VYDAJ,VYBER,2400,32938,NULL,NULL,NULL
561,2,1994-01-19,VYDAJ,VYBER,6000,26938,NULL,NULL,NULL
562,2,1994-01-26,VYDAJ,VYBER,6600,19938,NULL,NULL,NULL
563,2,1994-01-12,VYDAJ,VYBER,2100,38711,NULL,NULL,NULL
565,2,1995-01-12,VYDAJ,VYBER,6300,39584,NULL,NULL,NULL
566,2,1995-01-13,VYDAJ,VYBER,7500,28711,NULL,NULL,NULL
569,2,1995-01-30,VYDAJ,VYBER,3000,20311,NULL,NULL,NULL
574,2,1996-01-12,VYDAJ,VYBER,7800,29192,NULL,NULL,NULL
575,2,1996-01-16,VYDAJ,VYBER,1800,27392,NULL,NULL,NULL
576,2,1997-01-12,VYDAJ,VYBER,1800,45261,NULL,NULL,NULL
577,2,1997-01-09,VYDAJ,VYBER,4800,26825,NULL,NULL,NULL
578,2,1997-01-01,VYDAJ,VYBER,8700,39291,NULL,NULL,NULL
580,2,1997-01-01,VYDAJ,VYBER,5400,47991,NULL,NULL,NULL
583,2,1998-01-10,VYDAJ,VYBER,4200,25110,NULL,NULL,NULL
584,2,1998-01-08,VYDAJ,VYBER,3900,29310,NULL,NULL,NULL
586,2,1998-01-18,VYDAJ,VYBER,3300,42046,NULL,NULL,NULL
590,2,1993-12-19,VYDAJ,VYBER,3000,44213,NULL,NULL,NULL
592,2,1993-09-26,VYDAJ,VYBER,10200,21662,NULL,NULL,NULL
595,2,1994-12-27,VYDAJ,VYBER,5700,32780,NULL,NULL,NULL
596,2,1994-06-21,VYDAJ,VYBER,6900,33109,NULL,NULL,NULL
598,2,1994-07-04,VYDAJ,VYBER,3600,25720,NULL,NULL,NULL
599,2,1994-05-25,VYDAJ,VYBER,8400,20172,NULL,NULL,NULL
600,2,1994-08-22,VYDAJ,VYBER,2400,32722,NULL,NULL,NULL
601,2,1994-11-17,VYDAJ,VYBER,8700,32941,NULL,NULL,NULL
602,2,1994-05-19,VYDAJ,VYBER,9300,33472,NULL,NULL,NULL
603,2,1995-02-23,VYDAJ,VYBER,2700,28012,NULL,NULL,NULL
607,2,1995-05-27,VYDAJ,VYBER,10500,22926,NULL,NULL,NULL
608,2,1996-11-15,VYDAJ,VYBER,4200,49337,NULL,NULL,NULL
610,2,1996-01-03,VYDAJ,VYBER,5700,23822,NULL,NULL,NULL
611,2,1996-12-13,VYDAJ,VYBER,4500,56502,NULL,NULL,NULL
612,2,1996-05-12,VYDAJ,VYBER,6900,35658,NULL,NULL,NULL
614,2,1997-01-12,VYDAJ,VYBER,13500,31761,NULL,NULL,NULL
616,2,1997-08-08,VYDAJ,VYBER,4500,31807,NULL,NULL,NULL
618,2,1997-02-06,VYDAJ,VYBER,3600,25037,NULL,NULL,NULL
619,2,1998-12-15,VYDAJ,VYBER,8700,45471,NULL,NULL,NULL
620,2,1998-11-21,VYDAJ,VYBER,6000,41225,NULL,NULL,NULL
621,2,1998-11-06,VYDAJ,VYBER,4500,34299,NULL,NULL,NULL
622,2,1998-12-17,VYDAJ,VYBER,3000,42471,NULL,NULL,NULL
623,2,1998-08-16,VYDAJ,VYBER,10200,45786,NULL,NULL,NULL
624,2,1998-11-16,VYDAJ,VYBER,2100,50235,NULL,NULL,NULL
632,2,1993-07-31,VYDAJ,VYBER,15,39069,SLUZBY,NULL,NULL
633,2,1993-08-31,VYDAJ,VYBER,15,26992,SLUZBY,NULL,NULL
634,2,1993-09-30,VYDAJ,VYBER,15,21774,SLUZBY,NULL,NULL
635,2,1993-10-31,VYDAJ,VYBER,15,27830,SLUZBY,NULL,NULL
636,2,1993-11-30,VYDAJ,VYBER,15,31825,SLUZBY,NULL,NULL
637,2,1993-12-31,VYDAJ,VYBER,15,27841,SLUZBY,NULL,NULL
638,2,1994-01-31,VYDAJ,VYBER,15,20039,SLUZBY,NULL,NULL
639,2,1994-02-28,VYDAJ,VYBER,15,26230,SLUZBY,NULL,NULL
640,2,1994-03-31,VYDAJ,VYBER,15,31042,SLUZBY,NULL,NULL
641,2,1994-04-30,VYDAJ,VYBER,15,33174,SLUZBY,NULL,NULL
642,2,1994-05-31,VYDAJ,VYBER,15,20293,SLUZBY,NULL,NULL
643,2,1994-06-30,VYDAJ,VYBER,15,29320,SLUZBY,NULL,NULL
644,2,1994-07-31,VYDAJ,VYBER,15,30924,SLUZBY,NULL,NULL
645,2,1994-08-31,VYDAJ,VYBER,15,32850,SLUZBY,NULL,NULL
646,2,1994-09-30,VYDAJ,VYBER,15,25730,SLUZBY,NULL,NULL
647,2,1994-10-31,VYDAJ,VYBER,15,32043,SLUZBY,NULL,NULL
648,2,1994-11-30,VYDAJ,VYBER,15,31064,SLUZBY,NULL,NULL
649,2,1994-12-31,VYDAJ,VYBER,15,32914,SLUZBY,NULL,NULL
650,2,1995-01-31,VYDAJ,VYBER,15,20415,SLUZBY,NULL,NULL
651,2,1995-02-28,VYDAJ,VYBER,15,28108,SLUZBY,NULL,NULL
652,2,1995-03-31,VYDAJ,VYBER,15,33625,SLUZBY,NULL,NULL
653,2,1995-04-30,VYDAJ,VYBER,15,25928,SLUZBY,NULL,NULL
654,2,1995-05-31,VYDAJ,VYBER,15,23033,SLUZBY,NULL,NULL
655,2,1995-06-30,VYDAJ,VYBER,15,36605,SLUZBY,NULL,NULL
656,2,1995-07-31,VYDAJ,VYBER,15,37949,SLUZBY,NULL,NULL
657,2,1995-08-31,VYDAJ,VYBER,15,21282,SLUZBY,NULL,NULL
658,2,1995-09-30,VYDAJ,VYBER,15,29374,SLUZBY,NULL,NULL
659,2,1995-10-31,VYDAJ,VYBER,15,26843,SLUZBY,NULL,NULL
660,2,1995-11-30,VYDAJ,VYBER,15,35059,SLUZBY,NULL,NULL
661,2,1995-12-31,VYDAJ,VYBER,15,39422,SLUZBY,NULL,NULL
662,2,1996-01-31,VYDAJ,VYBER,15,22778,SLUZBY,NULL,NULL
663,2,1996-02-29,VYDAJ,VYBER,15,38168,SLUZBY,NULL,NULL
664,2,1996-03-31,VYDAJ,VYBER,15,38710,SLUZBY,NULL,NULL
665,2,1996-04-30,VYDAJ,VYBER,15,22888,SLUZBY,NULL,NULL
666,2,1996-05-31,VYDAJ,VYBER,15,24192,SLUZBY,NULL,NULL
667,2,1996-06-30,VYDAJ,VYBER,15,52030,SLUZBY,NULL,NULL
668,2,1996-07-31,VYDAJ,VYBER,15,35142,SLUZBY,NULL,NULL
669,2,1996-08-31,VYDAJ,VYBER,15,44765,SLUZBY,NULL,NULL
670,2,1996-09-30,VYDAJ,VYBER,15,32640,SLUZBY,NULL,NULL
671,2,1996-10-31,VYDAJ,VYBER,15,45567,SLUZBY,NULL,NULL
672,2,1996-11-30,VYDAJ,VYBER,15,49514,SLUZBY,NULL,NULL
673,2,1996-12-31,VYDAJ,VYBER,15,53391,SLUZBY,NULL,NULL
674,2,1997-01-31,VYDAJ,VYBER,15,29803,SLUZBY,NULL,NULL
675,2,1997-02-28,VYDAJ,VYBER,15,39009,SLUZBY,NULL,NULL
676,2,1997-03-31,VYDAJ,VYBER,15,45213,SLUZBY,NULL,NULL
677,2,1997-04-30,VYDAJ,VYBER,15,53470,SLUZBY,NULL,NULL
678,2,1997-05-31,VYDAJ,VYBER,15,57214,SLUZBY,NULL,NULL
679,2,1997-06-30,VYDAJ,VYBER,15,27446,SLUZBY,NULL,NULL
680,2,1997-07-31,VYDAJ,VYBER,15,48173,SLUZBY,NULL,NULL
681,2,1997-08-31,VYDAJ,VYBER,15,43746,SLUZBY,NULL,NULL
682,2,1997-09-30,VYDAJ,VYBER,15,52092,SLUZBY,NULL,NULL
683,2,1997-10-31,VYDAJ,VYBER,15,51645,SLUZBY,NULL,NULL
684,2,1997-11-30,VYDAJ,VYBER,15,51795,SLUZBY,NULL,NULL
685,2,1997-12-31,VYDAJ,VYBER,15,53876,SLUZBY,NULL,NULL
686,2,1998-01-31,VYDAJ,VYBER,15,31782,SLUZBY,NULL,NULL
687,2,1998-02-28,VYDAJ,VYBER,15,40876,SLUZBY,NULL,NULL
688,2,1998-03-31,VYDAJ,VYBER,15,29057,SLUZBY,NULL,NULL
689,2,1998-04-30,VYDAJ,VYBER,15,40558,SLUZBY,NULL,NULL
690,2,1998-05-31,VYDAJ,VYBER,15,36768,SLUZBY,NULL,NULL
691,2,1998-06-30,VYDAJ,VYBER,15,48542,SLUZBY,NULL,NULL
692,2,1998-07-31,VYDAJ,VYBER,15,50314,SLUZBY,NULL,NULL
693,2,1998-08-31,VYDAJ,VYBER,15,42866,SLUZBY,NULL,NULL
694,2,1998-09-30,VYDAJ,VYBER,15,44016,SLUZBY,NULL,NULL
695,2,1998-10-31,VYDAJ,VYBER,15,46065,SLUZBY,NULL,NULL
696,2,1998-11-30,VYDAJ,VYBER,15,36583,SLUZBY,NULL,NULL
697,2,1993-03-28,PRIJEM,VKLAD,3700,25036,NULL,NULL,NULL
698,2,1993-04-27,VYDAJ,VYBER,11000,34286,NULL,NULL,NULL
699,2,1993-05-27,VYDAJ,VYBER,17600,37031,NULL,NULL,NULL
700,2,1993-06-26,VYDAJ,VYBER,22400,45130,NULL,NULL,NULL
701,2,1993-07-26,VYDAJ,VYBER,10300,38881,NULL,NULL,NULL
702,2,1993-08-25,VYDAJ,VYBER,1000,26853,NULL,NULL,NULL
703,2,1993-09-24,VYDAJ,VYBER,4500,31862,NULL,NULL,NULL
704,2,1993-10-24,VYDAJ,VYBER,3000,27744,NULL,NULL,NULL
705,2,1993-11-23,VYDAJ,VYBER,5300,31700,NULL,NULL,NULL
706,2,1993-12-23,VYDAJ,VYBER,3100,27717,NULL,NULL,NULL
707,2,1994-01-22,VYDAJ,VYBER,400,26538,NULL,NULL,NULL
708,2,1994-02-21,VYDAJ,VYBER,3500,26136,NULL,NULL,NULL
709,2,1994-03-23,VYDAJ,VYBER,4900,30927,NULL,NULL,NULL
710,2,1994-04-22,VYDAJ,VYBER,7600,33039,NULL,NULL,NULL
711,2,1994-05-22,VYDAJ,VYBER,4900,28572,NULL,NULL,NULL
712,2,1994-06-21,VYDAJ,VYBER,3900,29209,NULL,NULL,NULL
713,2,1994-07-21,VYDAJ,VYBER,4500,30817,NULL,NULL,NULL
714,2,1994-08-20,VYDAJ,VYBER,5400,35122,NULL,NULL,NULL
715,2,1994-09-19,VYDAJ,VYBER,4800,37647,NULL,NULL,NULL
716,2,1994-10-19,VYDAJ,VYBER,3400,31928,NULL,NULL,NULL
717,2,1994-11-18,VYDAJ,VYBER,2000,30941,NULL,NULL,NULL
718,2,1994-12-18,VYDAJ,VYBER,9300,38480,NULL,NULL,NULL
719,2,1995-01-17,VYDAJ,VYBER,300,28411,NULL,NULL,NULL
720,2,1995-02-16,PRIJEM,VKLAD,700,30712,NULL,NULL,NULL
721,2,1995-03-18,VYDAJ,VYBER,4200,33505,NULL,NULL,NULL
722,2,1995-04-17,VYDAJ,VYBER,3600,39622,NULL,NULL,NULL
723,2,1995-05-17,VYDAJ,VYBER,2100,33426,NULL,NULL,NULL
724,2,1995-06-16,VYDAJ,VYBER,2600,40149,NULL,NULL,NULL
725,2,1995-07-16,VYDAJ,VYBER,8400,37802,NULL,NULL,NULL
726,2,1995-08-15,VYDAJ,VYBER,6900,40647,NULL,NULL,NULL
727,2,1995-09-14,VYDAJ,VYBER,1600,29279,NULL,NULL,NULL
728,2,1995-10-14,VYDAJ,VYBER,2900,36072,NULL,NULL,NULL
729,2,1995-11-13,VYDAJ,VYBER,1500,34940,NULL,NULL,NULL
730,2,1995-12-13,VYDAJ,VYBER,11000,43774,NULL,NULL,NULL
731,2,1996-01-12,PRIJEM,VKLAD,200,16756,NULL,NULL,NULL
732,2,1996-02-11,PRIJEM,VKLAD,5800,21312,NULL,NULL,NULL
733,2,1996-03-12,VYDAJ,VYBER,10400,40738,NULL,NULL,NULL
734,2,1996-04-11,VYDAJ,VYBER,3700,27744,NULL,NULL,NULL
735,2,1996-05-11,PRIJEM,VKLAD,6700,22322,NULL,NULL,NULL
736,2,1996-06-10,PRIJEM,VKLAD,7500,21526,NULL,NULL,NULL
737,2,1996-07-10,VYDAJ,VYBER,5400,39364,NULL,NULL,NULL
738,2,1996-08-09,VYDAJ,VYBER,300,27576,NULL,NULL,NULL
739,2,1996-09-08,VYDAJ,VYBER,2800,34699,NULL,NULL,NULL
740,2,1996-10-08,PRIJEM,VKLAD,3300,28674,NULL,NULL,NULL
741,2,1996-11-07,VYDAJ,VYBER,1900,36401,NULL,NULL,NULL
742,2,1996-12-07,VYDAJ,VYBER,8000,30648,NULL,NULL,NULL
743,2,1997-01-06,VYDAJ,VYBER,400,31625,NULL,NULL,NULL
744,2,1997-02-05,PRIJEM,VKLAD,6100,35903,NULL,NULL,NULL
745,2,1997-03-07,VYDAJ,VYBER,1400,30343,NULL,NULL,NULL
746,2,1997-04-06,VYDAJ,VYBER,1800,36147,NULL,NULL,NULL
747,2,1997-05-06,VYDAJ,VYBER,3600,42604,NULL,NULL,NULL
748,2,1997-06-05,VYDAJ,VYBER,7600,38948,NULL,NULL,NULL
749,2,1997-07-05,PRIJEM,VKLAD,10200,37646,NULL,NULL,NULL
750,2,1997-08-04,VYDAJ,VYBER,4600,43573,NULL,NULL,NULL
751,2,1997-09-03,VYDAJ,VYBER,900,42846,NULL,NULL,NULL
752,2,1997-10-03,VYDAJ,VYBER,9800,42292,NULL,NULL,NULL
753,2,1997-11-02,VYDAJ,VYBER,9900,41745,NULL,NULL,NULL
754,2,1997-12-02,VYDAJ,VYBER,12700,39095,NULL,NULL,NULL
755,2,1998-01-01,VYDAJ,VYBER,10200,43676,NULL,NULL,NULL
756,2,1998-01-31,PRIJEM,VKLAD,1300,31646,NULL,NULL,NULL
757,2,1998-03-02,VYDAJ,VYBER,4100,36776,NULL,NULL,NULL
758,2,1998-04-01,PRIJEM,VKLAD,1800,30857,NULL,NULL,NULL
759,2,1998-05-01,VYDAJ,VYBER,6800,33758,NULL,NULL,NULL
760,2,1998-05-31,VYDAJ,VYBER,6500,36782,NULL,NULL,NULL
761,2,1998-06-30,VYDAJ,VYBER,8000,48556,NULL,NULL,NULL
762,2,1998-07-30,VYDAJ,VYBER,9400,50112,NULL,NULL,NULL
763,2,1998-08-29,VYDAJ,VYBER,3100,42686,NULL,NULL,NULL
764,2,1998-09-28,VYDAJ,VYBER,7200,43836,NULL,NULL,NULL
765,2,1998-10-28,VYDAJ,VYBER,7900,45886,NULL,NULL,NULL
766,2,1998-11-27,VYDAJ,VYBER,4800,36425,NULL,NULL,NULL
837,3,1997-07-07,PRIJEM,VKLAD,1000,1000,NULL,NULL,NULL
844,3,1997-07-11,PRIJEM,VKLAD,7502,8502,NULL,NULL,NULL
845,3,1997-08-11,PRIJEM,VKLAD,7502,23828,NULL,NULL,NULL
846,3,1997-09-11,PRIJEM,VKLAD,7502,29009,NULL,NULL,NULL
847,3,1997-10-11,PRIJEM,VKLAD,7502,29724,NULL,NULL,NULL
848,3,1997-11-11,PRIJEM,VKLAD,7502,29949,NULL,NULL,NULL
849,3,1997-12-11,PRIJEM,VKLAD,11253,29211,NULL,NULL,NULL
850,3,1998-01-11,PRIJEM,VKLAD,7502,20730,NULL,NULL,NULL
851,3,1998-02-11,PRIJEM,VKLAD,7502,15096,NULL,NULL,NULL
852,3,1998-03-11,PRIJEM,VKLAD,7502,23239,NULL,NULL,NULL
853,3,1998-04-11,PRIJEM,VKLAD,7502,26813,NULL,NULL,NULL
854,3,1998-05-11,PRIJEM,VKLAD,7502,25481,NULL,NULL,NULL
855,3,1998-06-11,PRIJEM,VKLAD,11253,27420,NULL,NULL,NULL
856,3,1998-07-11,PRIJEM,VKLAD,7502,31013,NULL,NULL,NULL
857,3,1998-08-11,PRIJEM,VKLAD,7502,34122,NULL,NULL,NULL
858,3,1998-09-11,PRIJEM,VKLAD,7502,36545,NULL,NULL,NULL
859,3,1998-10-11,PRIJEM,VKLAD,7502,41079,NULL,NULL,NULL
860,3,1998-11-11,PRIJEM,VKLAD,7502,45232,NULL,NULL,NULL
861,3,1998-12-11,PRIJEM,VKLAD,11253,53447,NULL,NULL,NULL
873,3,1997-12-06,VYDAJ,"PREVOD NA UCET",1135,21824,SIPO,WX,83084338
874,3,1998-01-06,VYDAJ,"PREVOD NA UCET",1135,18414,SIPO,WX,83084338
875,3,1998-02-06,VYDAJ,"PREVOD NA UCET",1135,11460,SIPO,WX,83084338
876,3,1998-03-06,VYDAJ,"PREVOD NA UCET",1135,19603,SIPO,WX,83084338
877,3,1998-04-06,VYDAJ,"PREVOD NA UCET",1135,23177,SIPO,WX,83084338
878,3,1998-05-06,VYDAJ,"PREVOD NA UCET",1135,21845,SIPO,WX,83084338
879,3,1998-06-06,VYDAJ,"PREVOD NA UCET",1135,20033,SIPO,WX,83084338
880,3,1998-07-06,VYDAJ,"PREVOD NA UCET",1135,27377,SIPO,WX,83084338
881,3,1998-08-06,VYDAJ,"PREVOD NA UCET",1135,30486,SIPO,WX,83084338
882,3,1998-09-06,VYDAJ,"PREVOD NA UCET",1135,32909,SIPO,WX,83084338
883,3,1998-10-06,VYDAJ,"PREVOD NA UCET",1135,37443,SIPO,WX,83084338
884,3,1998-11-06,VYDAJ,"PREVOD NA UCET",1135,41596,SIPO,WX,83084338
885,3,1998-12-06,VYDAJ,"PREVOD NA UCET",1135,46060,SIPO,WX,83084338
897,3,1997-12-07,VYDAJ,"PREVOD NA UCET",327,21497," ",CD,24485939
898,3,1998-01-07,VYDAJ,"PREVOD NA UCET",327,18087," ",CD,24485939
899,3,1998-02-07,VYDAJ,"PREVOD NA UCET",327,11133," ",CD,24485939
900,3,1998-03-07,VYDAJ,"PREVOD NA UCET",327,19276," ",CD,24485939
901,3,1998-04-07,VYDAJ,"PREVOD NA UCET",327,22850," ",CD,24485939
902,3,1998-05-07,VYDAJ,"PREVOD NA UCET",327,21518," ",CD,24485939
903,3,1998-06-07,VYDAJ,"PREVOD NA UCET",327,19706," ",CD,24485939
904,3,1998-07-07,VYDAJ,"PREVOD NA UCET",327,27050," ",CD,24485939
905,3,1998-08-07,VYDAJ,"PREVOD NA UCET",327,30159," ",CD,24485939
906,3,1998-09-07,VYDAJ,"PREVOD NA UCET",327,32582," ",CD,24485939
907,3,1998-10-07,VYDAJ,"PREVOD NA UCET",327,37116," ",CD,24485939
908,3,1998-11-07,VYDAJ,"PREVOD NA UCET",327,41269," ",CD,24485939
909,3,1998-12-07,VYDAJ,"PREVOD NA UCET",327,45733," ",CD,24485939
921,3,1997-12-09,VYDAJ,"PREVOD NA UCET",3539,17958,POJISTNE,AB,59972357
922,3,1998-01-09,VYDAJ,"PREVOD NA UCET",3539,14548,POJISTNE,AB,59972357
923,3,1998-02-09,VYDAJ,"PREVOD NA UCET",3539,7594,POJISTNE,AB,59972357
924,3,1998-03-09,VYDAJ,"PREVOD NA UCET",3539,15737,POJISTNE,AB,59972357
925,3,1998-04-09,VYDAJ,"PREVOD NA UCET",3539,19311,POJISTNE,AB,59972357
926,3,1998-05-09,VYDAJ,"PREVOD NA UCET",3539,17979,POJISTNE,AB,59972357
927,3,1998-06-09,VYDAJ,"PREVOD NA UCET",3539,16167,POJISTNE,AB,59972357
928,3,1998-07-09,VYDAJ,"PREVOD NA UCET",3539,23511,POJISTNE,AB,59972357
929,3,1998-08-09,VYDAJ,"PREVOD NA UCET",3539,26620,POJISTNE,AB,59972357
930,3,1998-09-09,VYDAJ,"PREVOD NA UCET",3539,29043,POJISTNE,AB,59972357
931,3,1998-10-09,VYDAJ,"PREVOD NA UCET",3539,33577,POJISTNE,AB,59972357
932,3,1998-11-09,VYDAJ,"PREVOD NA UCET",3539,37730,POJISTNE,AB,59972357
933,3,1998-12-09,VYDAJ,"PREVOD NA UCET",3539,42194,POJISTNE,AB,59972357
938,3,1997-12-28,VYDAJ,VYBER,2560,26651,NULL,NULL,NULL
939,3,1998-12-24,VYDAJ,VYBER,2560,50887,NULL,NULL,NULL
946,3,1998-01-30,VYDAJ,VYBER,2760,12330,NULL,NULL,NULL
947,3,1998-01-10,VYDAJ,VYBER,1320,13228,NULL,NULL,NULL
948,3,1998-01-29,VYDAJ,VYBER,2280,15090,NULL,NULL,NULL
949,3,1998-01-22,VYDAJ,VYBER,3360,17370,NULL,NULL,NULL
950,3,1998-01-04,VYDAJ,VYBER,1560,19549,NULL,NULL,NULL
951,3,1998-01-03,VYDAJ,VYBER,2040,24709,NULL,NULL,NULL
952,3,1997-12-01,VYDAJ,VYBER,2400,27659,NULL,NULL,NULL
956,3,1998-04-22,VYDAJ,VYBER,3120,23693,NULL,NULL,NULL
957,3,1998-11-11,VYDAJ,VYBER,2400,42832,NULL,NULL,NULL
969,3,1997-11-30,VYDAJ,VYBER,15,30059,SLUZBY,NULL,NULL
970,3,1997-12-31,VYDAJ,VYBER,15,26749,SLUZBY,NULL,NULL
971,3,1998-01-31,VYDAJ,VYBER,15,12395,SLUZBY,NULL,NULL
972,3,1998-02-28,VYDAJ,VYBER,15,15138,SLUZBY,NULL,NULL
973,3,1998-03-31,VYDAJ,VYBER,15,23312,SLUZBY,NULL,NULL
974,3,1998-04-30,VYDAJ,VYBER,15,23780,SLUZBY,NULL,NULL
975,3,1998-05-31,VYDAJ,VYBER,15,25568,SLUZBY,NULL,NULL
976,3,1998-06-30,VYDAJ,VYBER,15,27512,SLUZBY,NULL,NULL
977,3,1998-07-31,VYDAJ,VYBER,15,31121,SLUZBY,NULL,NULL
978,3,1998-08-31,VYDAJ,VYBER,15,34244,SLUZBY,NULL,NULL
979,3,1998-09-30,VYDAJ,VYBER,15,38578,SLUZBY,NULL,NULL
980,3,1998-10-31,VYDAJ,VYBER,15,42731,SLUZBY,NULL,NULL
981,3,1998-11-30,VYDAJ,VYBER,15,47195,SLUZBY,NULL,NULL
982,3,1997-08-06,PRIJEM,VKLAD,7800,16326,NULL,NULL,NULL
983,3,1997-09-05,VYDAJ,VYBER,2400,21507,NULL,NULL,NULL
984,3,1997-10-05,VYDAJ,VYBER,6900,22222,NULL,NULL,NULL
985,3,1997-11-04,VYDAJ,VYBER,7400,22447,NULL,NULL,NULL
986,3,1997-12-04,VYDAJ,VYBER,4700,22959,NULL,NULL,NULL
987,3,1998-01-03,VYDAJ,VYBER,3600,21109,NULL,NULL,NULL
988,3,1998-02-02,PRIJEM,VKLAD,200,12595,NULL,NULL,NULL
989,3,1998-03-04,PRIJEM,VKLAD,5600,20738,NULL,NULL,NULL
990,3,1998-04-03,PRIJEM,VKLAD,1000,24312,NULL,NULL,NULL
991,3,1998-05-03,VYDAJ,VYBER,800,22980,NULL,NULL,NULL
992,3,1998-06-02,VYDAJ,VYBER,4400,21168,NULL,NULL,NULL
993,3,1998-07-02,PRIJEM,VKLAD,1000,28512,NULL,NULL,NULL
994,3,1998-08-01,PRIJEM,VKLAD,500,31621,NULL,NULL,NULL
995,3,1998-08-31,VYDAJ,VYBER,200,34044,NULL,NULL,NULL
996,3,1998-09-30,PRIJEM,VKLAD,1900,38592,NULL,NULL,NULL
997,3,1998-10-30,PRIJEM,VKLAD,1500,42579,NULL,NULL,NULL
998,3,1998-11-29,PRIJEM,VKLAD,4200,47032,NULL,NULL,NULL
1017,4,1996-02-21,PRIJEM,VKLAD,800,800,NULL,NULL,NULL
1020,4,1996-03-11,PRIJEM,"PREVOD Z UCTU",5553,6353,DUCHOD,UV,89899795
1021,4,1996-04-11,PRIJEM,"PREVOD Z UCTU",5553,11906,DUCHOD,UV,89899795
1022,4,1996-05-11,PRIJEM,"PREVOD Z UCTU",5553,17459,DUCHOD,UV,89899795
1023,4,1996-06-11,PRIJEM,"PREVOD Z UCTU",5553,23012,DUCHOD,UV,89899795
1024,4,1996-07-11,PRIJEM,"PREVOD Z UCTU",5553,28565,DUCHOD,UV,89899795
1025,4,1996-08-11,PRIJEM,"PREVOD Z UCTU",5553,28907,DUCHOD,UV,89899795
1026,4,1996-09-11,PRIJEM,"PREVOD Z UCTU",5553,27088,DUCHOD,UV,89899795
1027,4,1996-10-11,PRIJEM,"PREVOD Z UCTU",5553,26062,DUCHOD,UV,89899795
1028,4,1996-11-11,PRIJEM,"PREVOD Z UCTU",5553,28338,DUCHOD,UV,89899795
1029,4,1996-12-11,PRIJEM,"PREVOD Z UCTU",5553,30624,DUCHOD,UV,89899795
1030,4,1997-01-11,PRIJEM,"PREVOD Z UCTU",5553,27458,DUCHOD,UV,89899795
1031,4,1997-02-11,PRIJEM,"PREVOD Z UCTU",5553,19452,DUCHOD,UV,89899795
1032,4,1997-03-11,PRIJEM,"PREVOD Z UCTU",5553,21700,DUCHOD,UV,89899795
1033,4,1997-04-11,PRIJEM,"PREVOD Z UCTU",5553,22195,DUCHOD,UV,89899795
1034,4,1997-05-11,PRIJEM,"PREVOD Z UCTU",5553,24454,DUCHOD,UV,89899795
1035,4,1997-06-11,PRIJEM,"PREVOD Z UCTU",5553,19152,DUCHOD,UV,89899795
1036,4,1997-07-11,PRIJEM,"PREVOD Z UCTU",5553,21401,DUCHOD,UV,89899795
1037,4,1997-08-11,PRIJEM,"PREVOD Z UCTU",5553,23658,DUCHOD,UV,89899795
1038,4,1997-09-11,PRIJEM,"PREVOD Z UCTU",5553,22917,DUCHOD,UV,89899795
1039,4,1997-10-11,PRIJEM,"PREVOD Z UCTU",5553,23279,DUCHOD,UV,89899795
1040,4,1997-11-11,PRIJEM,"PREVOD Z UCTU",5553,23600,DUCHOD,UV,89899795
1041,4,1997-12-11,PRIJEM,"PREVOD Z UCTU",5553,25864,DUCHOD,UV,89899795
1042,4,1998-01-11,PRIJEM,"PREVOD Z UCTU",5553,20072,DUCHOD,UV,89899795
1043,4,1998-02-11,PRIJEM,"PREVOD Z UCTU",5553,16691,DUCHOD,UV,89899795
1044,4,1998-03-11,PRIJEM,"PREVOD Z UCTU",5553,18928,DUCHOD,UV,89899795
1045,4,1998-04-11,PRIJEM,"PREVOD Z UCTU",5553,21174,DUCHOD,UV,89899795
1046,4,1998-05-11,PRIJEM,"PREVOD Z UCTU",5553,22627,DUCHOD,UV,89899795
1047,4,1998-06-11,PRIJEM,"PREVOD Z UCTU",5553,24328,DUCHOD,UV,89899795
1048,4,1998-07-11,PRIJEM,"PREVOD Z UCTU",5553,25874,DUCHOD,UV,89899795
1049,4,1998-08-11,PRIJEM,"PREVOD Z UCTU",5553,26307,DUCHOD,UV,89899795
1050,4,1998-09-11,PRIJEM,"PREVOD Z UCTU",5553,28584,DUCHOD,UV,89899795
1051,4,1998-10-11,PRIJEM,"PREVOD Z UCTU",5553,30869,DUCHOD,UV,89899795
1052,4,1998-11-11,PRIJEM,"PREVOD Z UCTU",5553,33165,DUCHOD,UV,89899795
1053,4,1998-12-11,PRIJEM,"PREVOD Z UCTU",5553,34870,DUCHOD,UV,89899795
1061,4,1996-08-06,VYDAJ,"PREVOD NA UCET",2078,23354,SIPO,UV,26693541
1062,4,1996-09-06,VYDAJ,"PREVOD NA UCET",2078,21535,SIPO,UV,26693541
1063,4,1996-10-06,VYDAJ,"PREVOD NA UCET",2078,20509,SIPO,UV,26693541
1064,4,1996-11-06,VYDAJ,"PREVOD NA UCET",2078,22785,SIPO,UV,26693541
1065,4,1996-12-06,VYDAJ,"PREVOD NA UCET",2078,25071,SIPO,UV,26693541
1066,4,1997-01-06,VYDAJ,"PREVOD NA UCET",2078,22305,SIPO,UV,26693541
1067,4,1997-02-06,VYDAJ,"PREVOD NA UCET",2078,13899,SIPO,UV,26693541
1068,4,1997-03-06,VYDAJ,"PREVOD NA UCET",2078,16147,SIPO,UV,26693541
1069,4,1997-04-06,VYDAJ,"PREVOD NA UCET",2078,16642,SIPO,UV,26693541
1070,4,1997-05-06,VYDAJ,"PREVOD NA UCET",2078,18901,SIPO,UV,26693541
1071,4,1997-06-06,VYDAJ,"PREVOD NA UCET",2078,13599,SIPO,UV,26693541
1072,4,1997-07-06,VYDAJ,"PREVOD NA UCET",2078,15848,SIPO,UV,26693541
1073,4,1997-08-06,VYDAJ,"PREVOD NA UCET",2078,18105,SIPO,UV,26693541
1074,4,1997-09-06,VYDAJ,"PREVOD NA UCET",2078,17364,SIPO,UV,26693541
1075,4,1997-10-06,VYDAJ,"PREVOD NA UCET",2078,17726,SIPO,UV,26693541
1076,4,1997-11-06,VYDAJ,"PREVOD NA UCET",2078,18687,SIPO,UV,26693541
1077,4,1997-12-06,VYDAJ,"PREVOD NA UCET",2078,20311,SIPO,UV,26693541
1078,4,1998-01-06,VYDAJ,"PREVOD NA UCET",2078,17799,SIPO,UV,26693541
1079,4,1998-02-06,VYDAJ,"PREVOD NA UCET",2078,11138,SIPO,UV,26693541
1080,4,1998-03-06,VYDAJ,"PREVOD NA UCET",2078,13375,SIPO,UV,26693541
1081,4,1998-04-06,VYDAJ,"PREVOD NA UCET",2078,15621,SIPO,UV,26693541
1082,4,1998-05-06,VYDAJ,"PREVOD NA UCET",2078,17074,SIPO,UV,26693541
1083,4,1998-06-06,VYDAJ,"PREVOD NA UCET",2078,18775,SIPO,UV,26693541
1084,4,1998-07-06,VYDAJ,"PREVOD NA UCET",2078,20321,SIPO,UV,26693541
1085,4,1998-08-06,VYDAJ,"PREVOD NA UCET",2078,20754,SIPO,UV,26693541
1086,4,1998-09-06,VYDAJ,"PREVOD NA UCET",2078,23031,SIPO,UV,26693541
1087,4,1998-10-06,VYDAJ,"PREVOD NA UCET",2078,25316,SIPO,UV,26693541
1088,4,1998-11-06,VYDAJ,"PREVOD NA UCET",2078,27612,SIPO,UV,26693541
1089,4,1998-12-06,VYDAJ,"PREVOD NA UCET",2078,29317,SIPO,UV,26693541
1096,4,1996-07-13,VYDAJ,"PREVOD NA UCET",1285,27280," ",UV,5848086
1097,4,1996-08-13,VYDAJ,"PREVOD NA UCET",1285,27622," ",UV,5848086
1098,4,1996-09-13,VYDAJ,"PREVOD NA UCET",1285,25803," ",UV,5848086
1099,4,1996-10-13,VYDAJ,"PREVOD NA UCET",1285,24777," ",UV,5848086
1100,4,1996-11-13,VYDAJ,"PREVOD NA UCET",1285,27053," ",UV,5848086
1101,4,1996-12-13,VYDAJ,"PREVOD NA UCET",1285,26299," ",UV,5848086
1102,4,1997-01-13,VYDAJ,"PREVOD NA UCET",1285,22623," ",UV,5848086
1103,4,1997-02-13,VYDAJ,"PREVOD NA UCET",1285,18167," ",UV,5848086
1104,4,1997-03-13,VYDAJ,"PREVOD NA UCET",1285,20415," ",UV,5848086
1105,4,1997-04-13,VYDAJ,"PREVOD NA UCET",1285,20910," ",UV,5848086
1106,4,1997-05-13,VYDAJ,"PREVOD NA UCET",1285,23169," ",UV,5848086
1107,4,1997-06-13,VYDAJ,"PREVOD NA UCET",1285,17867," ",UV,5848086
1108,4,1997-07-13,VYDAJ,"PREVOD NA UCET",1285,20116," ",UV,5848086
1109,4,1997-08-13,VYDAJ,"PREVOD NA UCET",1285,22373," ",UV,5848086
1110,4,1997-09-13,VYDAJ,"PREVOD NA UCET",1285,21632," ",UV,5848086
1111,4,1997-10-13,VYDAJ,"PREVOD NA UCET",1285,21994," ",UV,5848086
1112,4,1997-11-13,VYDAJ,"PREVOD NA UCET",1285,22315," ",UV,5848086
1113,4,1997-12-13,VYDAJ,"PREVOD NA UCET",1285,23679," ",UV,5848086
1114,4,1998-01-13,VYDAJ,"PREVOD NA UCET",1285,15267," ",UV,5848086
1115,4,1998-02-13,VYDAJ,"PREVOD NA UCET",1285,15406," ",UV,5848086
1116,4,1998-03-13,VYDAJ,"PREVOD NA UCET",1285,17643," ",UV,5848086
1117,4,1998-04-13,VYDAJ,"PREVOD NA UCET",1285,19089," ",UV,5848086
1118,4,1998-05-13,VYDAJ,"PREVOD NA UCET",1285,21342," ",UV,5848086
1119,4,1998-06-13,VYDAJ,"PREVOD NA UCET",1285,23043," ",UV,5848086
1120,4,1998-07-13,VYDAJ,"PREVOD NA UCET",1285,24589," ",UV,5848086
1121,4,1998-08-13,VYDAJ,"PREVOD NA UCET",1285,25022," ",UV,5848086
1122,4,1998-09-13,VYDAJ,"PREVOD NA UCET",1285,27299," ",UV,5848086
1123,4,1998-10-13,VYDAJ,"PREVOD NA UCET",1285,29584," ",UV,5848086
1124,4,1998-11-13,VYDAJ,"PREVOD NA UCET",1285,31880," ",UV,5848086
1125,4,1998-12-13,VYDAJ,"PREVOD NA UCET",1285,33585," ",UV,5848086
1127,4,1997-06-02,VYDAJ,VYBER,5250,15677,NULL,NULL,NULL
1130,4,1997-01-12,VYDAJ,VYBER,3550,23908,NULL,NULL,NULL
1131,4,1998-01-20,VYDAJ,VYBER,2100,13167,NULL,NULL,NULL
1132,4,1996-12-20,VYDAJ,VYBER,1450,24849,NULL,NULL,NULL
1133,4,1997-12-22,VYDAJ,VYBER,1400,19799,NULL,NULL,NULL
1134,4,1998-12-03,VYDAJ,VYBER,600,31395,NULL,NULL,NULL
1141,4,1997-01-09,VYDAJ,VYBER,400,21905,NULL,NULL,NULL
1142,4,1997-01-26,VYDAJ,VYBER,1520,19103,NULL,NULL,NULL
1143,4,1997-01-01,VYDAJ,VYBER,560,24383,NULL,NULL,NULL
1144,4,1997-01-28,VYDAJ,VYBER,1360,15903,NULL,NULL,NULL
1145,4,1997-01-27,VYDAJ,VYBER,1840,17263,NULL,NULL,NULL
1146,4,1997-01-16,VYDAJ,VYBER,2000,20623,NULL,NULL,NULL
1148,4,1998-01-07,VYDAJ,VYBER,1680,16119,NULL,NULL,NULL
1149,4,1998-01-11,VYDAJ,VYBER,2320,17752,NULL,NULL,NULL
1151,4,1998-01-08,VYDAJ,VYBER,1600,14519,NULL,NULL,NULL
1152,4,1998-01-12,VYDAJ,VYBER,1200,16552,NULL,NULL,NULL
1153,4,1996-12-12,VYDAJ,VYBER,3040,27584,NULL,NULL,NULL
1155,4,1997-11-06,VYDAJ,VYBER,640,18047,NULL,NULL,NULL
1156,4,1997-03-16,VYDAJ,VYBER,1760,18655,NULL,NULL,NULL
1157,4,1997-12-22,VYDAJ,VYBER,2480,21199,NULL,NULL,NULL
1158,4,1997-05-28,VYDAJ,VYBER,640,20849,NULL,NULL,NULL
1159,4,1997-05-27,VYDAJ,VYBER,1680,21489,NULL,NULL,NULL
1160,4,1998-06-03,VYDAJ,VYBER,560,20853,NULL,NULL,NULL
1161,4,1998-06-17,VYDAJ,VYBER,720,22323,NULL,NULL,NULL
1162,4,1998-07-24,VYDAJ,VYBER,1840,22749,NULL,NULL,NULL
1170,4,1996-07-31,VYDAJ,VYBER,15,25432,SLUZBY,NULL,NULL
1171,4,1996-08-31,VYDAJ,VYBER,15,23613,SLUZBY,NULL,NULL
1172,4,1996-09-30,VYDAJ,VYBER,15,22587,SLUZBY,NULL,NULL
1173,4,1996-10-31,VYDAJ,VYBER,15,24863,SLUZBY,NULL,NULL
1174,4,1996-11-30,VYDAJ,VYBER,15,27149,SLUZBY,NULL,NULL
1175,4,1996-12-31,VYDAJ,VYBER,15,24943,SLUZBY,NULL,NULL
1176,4,1997-01-31,VYDAJ,VYBER,15,15977,SLUZBY,NULL,NULL
1177,4,1997-02-28,VYDAJ,VYBER,15,18225,SLUZBY,NULL,NULL
1178,4,1997-03-31,VYDAJ,VYBER,15,18720,SLUZBY,NULL,NULL
1179,4,1997-04-30,VYDAJ,VYBER,15,20979,SLUZBY,NULL,NULL
1180,4,1997-05-31,VYDAJ,VYBER,15,20927,SLUZBY,NULL,NULL
1181,4,1997-06-30,VYDAJ,VYBER,15,17926,SLUZBY,NULL,NULL
1182,4,1997-07-31,VYDAJ,VYBER,15,20183,SLUZBY,NULL,NULL
1183,4,1997-08-31,VYDAJ,VYBER,15,19442,SLUZBY,NULL,NULL
1184,4,1997-09-30,VYDAJ,VYBER,15,19804,SLUZBY,NULL,NULL
1185,4,1997-10-31,VYDAJ,VYBER,15,20765,SLUZBY,NULL,NULL
1186,4,1997-11-30,VYDAJ,VYBER,15,22389,SLUZBY,NULL,NULL
1187,4,1997-12-31,VYDAJ,VYBER,15,19877,SLUZBY,NULL,NULL
1188,4,1998-01-31,VYDAJ,VYBER,15,13216,SLUZBY,NULL,NULL
1189,4,1998-02-28,VYDAJ,VYBER,15,15453,SLUZBY,NULL,NULL
1190,4,1998-03-31,VYDAJ,VYBER,15,17699,SLUZBY,NULL,NULL
1191,4,1998-04-30,VYDAJ,VYBER,15,19152,SLUZBY,NULL,NULL
1192,4,1998-05-31,VYDAJ,VYBER,15,21413,SLUZBY,NULL,NULL
1193,4,1998-06-30,VYDAJ,VYBER,15,22399,SLUZBY,NULL,NULL
1194,4,1998-07-31,VYDAJ,VYBER,15,22832,SLUZBY,NULL,NULL
1195,4,1998-08-31,VYDAJ,VYBER,15,25109,SLUZBY,NULL,NULL
1196,4,1998-09-30,VYDAJ,VYBER,15,27394,SLUZBY,NULL,NULL
1197,4,1998-10-31,VYDAJ,VYBER,15,29690,SLUZBY,NULL,NULL
1198,4,1998-11-30,VYDAJ,VYBER,15,31995,SLUZBY,NULL,NULL
1199,4,1996-07-20,VYDAJ,VYBER,1900,25380,NULL,NULL,NULL
1200,4,1996-08-19,VYDAJ,VYBER,4100,23522,NULL,NULL,NULL
1201,4,1996-09-18,VYDAJ,VYBER,3300,22503,NULL,NULL,NULL
1202,4,1997-08-14,VYDAJ,VYBER,3000,19373,NULL,NULL,NULL
1203,4,1997-09-13,VYDAJ,VYBER,1900,19732,NULL,NULL,NULL
1204,4,1997-10-13,VYDAJ,VYBER,1300,20694,NULL,NULL,NULL
1205,4,1997-12-12,VYDAJ,VYBER,900,24964,NULL,NULL,NULL
1206,4,1998-04-11,VYDAJ,VYBER,800,20374,NULL,NULL,NULL
1237,5,1997-05-30,PRIJEM,VKLAD,600,600,NULL,NULL,NULL
1243,5,1997-06-13,PRIJEM,"PREVOD Z UCTU",5017,5617,DUCHOD,KL,66297393
1244,5,1997-07-13,PRIJEM,"PREVOD Z UCTU",5017,10634,DUCHOD,KL,66297393
1245,5,1997-08-13,PRIJEM,"PREVOD Z UCTU",5017,15651,DUCHOD,KL,66297393
1246,5,1997-09-13,PRIJEM,"PREVOD Z UCTU",5017,20668,DUCHOD,KL,66297393
1247,5,1997-10-13,PRIJEM,"PREVOD Z UCTU",5017,25685,DUCHOD,KL,66297393
1248,5,1997-11-13,PRIJEM,"PREVOD Z UCTU",5017,28023,DUCHOD,KL,66297393
1249,5,1997-12-13,PRIJEM,"PREVOD Z UCTU",5017,29220,DUCHOD,KL,66297393
1250,5,1998-01-13,PRIJEM,"PREVOD Z UCTU",5017,25750,DUCHOD,KL,66297393
1251,5,1998-02-13,PRIJEM,"PREVOD Z UCTU",5017,24425,DUCHOD,KL,66297393
1252,5,1998-03-13,PRIJEM,"PREVOD Z UCTU",5017,26857,DUCHOD,KL,66297393
1253,5,1998-04-13,PRIJEM,"PREVOD Z UCTU",5017,28499,DUCHOD,KL,66297393
1254,5,1998-05-13,PRIJEM,"PREVOD Z UCTU",5017,28746,DUCHOD,KL,66297393
1255,5,1998-06-13,PRIJEM,"PREVOD Z UCTU",5017,28794,DUCHOD,KL,66297393
1256,5,1998-07-13,PRIJEM,"PREVOD Z UCTU",5017,30444,DUCHOD,KL,66297393
1257,5,1998-08-13,PRIJEM,"PREVOD Z UCTU",5017,28797,DUCHOD,KL,66297393
1258,5,1998-09-13,PRIJEM,"PREVOD Z UCTU",5017,26141,DUCHOD,KL,66297393
1259,5,1998-10-13,PRIJEM,"PREVOD Z UCTU",5017,27238,DUCHOD,KL,66297393
1260,5,1998-11-13,PRIJEM,"PREVOD Z UCTU",5017,29682,DUCHOD,KL,66297393
1261,5,1998-12-13,PRIJEM,"PREVOD Z UCTU",5017,32036,DUCHOD,KL,66297393
1272,5,1997-11-08,VYDAJ,"PREVOD NA UCET",2668,23006,SIPO,GH,37390208
1273,5,1997-12-08,VYDAJ,"PREVOD NA UCET",2668,24203,SIPO,GH,37390208
1274,5,1998-01-08,VYDAJ,"PREVOD NA UCET",2668,21533,SIPO,GH,37390208
1275,5,1998-02-08,VYDAJ,"PREVOD NA UCET",2668,19408,SIPO,GH,37390208
1276,5,1998-03-08,VYDAJ,"PREVOD NA UCET",2668,21840,SIPO,GH,37390208
1277,5,1998-04-08,VYDAJ,"PREVOD NA UCET",2668,23482,SIPO,GH,37390208
1278,5,1998-05-08,VYDAJ,"PREVOD NA UCET",2668,23729,SIPO,GH,37390208
1279,5,1998-06-08,VYDAJ,"PREVOD NA UCET",2668,23777,SIPO,GH,37390208
1280,5,1998-07-08,VYDAJ,"PREVOD NA UCET",2668,25427,SIPO,GH,37390208
1281,5,1998-08-08,VYDAJ,"PREVOD NA UCET",2668,23780,SIPO,GH,37390208
1282,5,1998-09-08,VYDAJ,"PREVOD NA UCET",2668,21124,SIPO,GH,37390208
1283,5,1998-10-08,VYDAJ,"PREVOD NA UCET",2668,22221,SIPO,GH,37390208
1284,5,1998-11-08,VYDAJ,"PREVOD NA UCET",2668,24665,SIPO,GH,37390208
1285,5,1998-12-08,VYDAJ,"PREVOD NA UCET",2668,27019,SIPO,GH,37390208
1286,5,1997-12-05,VYDAJ,VYBER,1250,26871,NULL,NULL,NULL
1287,5,1998-12-25,VYDAJ,VYBER,850,27966,NULL,NULL,NULL
1294,5,1998-01-11,VYDAJ,VYBER,800,20733,NULL,NULL,NULL
1295,5,1998-01-20,VYDAJ,VYBER,2240,23510,NULL,NULL,NULL
1296,5,1998-01-07,VYDAJ,VYBER,2080,24201,NULL,NULL,NULL
1297,5,1998-01-22,VYDAJ,VYBER,720,22790,NULL,NULL,NULL
1298,5,1998-01-07,VYDAJ,VYBER,1280,26281,NULL,NULL,NULL
1299,5,1998-01-27,VYDAJ,VYBER,800,21990,NULL,NULL,NULL
1301,5,1997-12-24,VYDAJ,VYBER,1760,27460,NULL,NULL,NULL
1305,5,1998-12-18,VYDAJ,VYBER,1520,28916,NULL,NULL,NULL
1306,5,1998-12-15,VYDAJ,VYBER,1600,30436,NULL,NULL,NULL
1307,5,1998-09-17,VYDAJ,VYBER,1040,25101,NULL,NULL,NULL
1318,5,1997-10-31,VYDAJ,VYBER,15,25674,SLUZBY,NULL,NULL
1319,5,1997-11-30,VYDAJ,VYBER,15,28121,SLUZBY,NULL,NULL
1320,5,1997-12-31,VYDAJ,VYBER,15,27561,SLUZBY,NULL,NULL
1321,5,1998-01-31,VYDAJ,VYBER,15,22076,SLUZBY,NULL,NULL
1322,5,1998-02-28,VYDAJ,VYBER,15,24508,SLUZBY,NULL,NULL
1323,5,1998-03-31,VYDAJ,VYBER,15,26150,SLUZBY,NULL,NULL
1324,5,1998-04-30,VYDAJ,VYBER,15,26397,SLUZBY,NULL,NULL
1325,5,1998-05-31,VYDAJ,VYBER,15,26445,SLUZBY,NULL,NULL
1326,5,1998-06-30,VYDAJ,VYBER,15,28095,SLUZBY,NULL,NULL
1327,5,1998-07-31,VYDAJ,VYBER,15,26448,SLUZBY,NULL,NULL
1328,5,1998-08-31,VYDAJ,VYBER,15,23792,SLUZBY,NULL,NULL
1329,5,1998-09-30,VYDAJ,VYBER,15,24889,SLUZBY,NULL,NULL
1330,5,1998-10-31,VYDAJ,VYBER,15,27333,SLUZBY,NULL,NULL
1331,5,1998-11-30,VYDAJ,VYBER,15,29687,SLUZBY,NULL,NULL
1332,5,1998-03-26,VYDAJ,VYBER,800,26057,NULL,NULL,NULL
1333,5,1998-04-25,VYDAJ,VYBER,2200,26299,NULL,NULL,NULL
1334,5,1998-05-25,VYDAJ,VYBER,2400,26346,NULL,NULL,NULL
1335,5,1998-06-24,VYDAJ,VYBER,800,27994,NULL,NULL,NULL
1336,5,1998-07-24,VYDAJ,VYBER,4100,26344,NULL,NULL,NULL
1337,5,1998-08-23,VYDAJ,VYBER,5100,23697,NULL,NULL,NULL
1338,5,1998-09-22,VYDAJ,VYBER,300,24801,NULL,NULL,NULL
1339,5,1998-11-21,VYDAJ,VYBER,100,29582,NULL,NULL,NULL
1340,5,1998-12-21,VYDAJ,VYBER,100,28816,NULL,NULL,NULL
1356,6,1994-09-27,PRIJEM,VKLAD,900,900,NULL,NULL,NULL
1366,6,1994-10-11,PRIJEM,"PREVOD Z UCTU",6669,7569,DUCHOD,OP,150186
1367,6,1994-11-11,PRIJEM,"PREVOD Z UCTU",6669,14238,DUCHOD,OP,150186
1368,6,1994-12-11,PRIJEM,"PREVOD Z UCTU",6669,20907,DUCHOD,OP,150186
1369,6,1995-01-11,PRIJEM,"PREVOD Z UCTU",6669,27576,DUCHOD,OP,150186
1370,6,1995-02-11,PRIJEM,"PREVOD Z UCTU",6669,34245,DUCHOD,OP,150186
1371,6,1995-03-11,PRIJEM,"PREVOD Z UCTU",6669,30536,DUCHOD,OP,150186
1372,6,1995-04-11,PRIJEM,"PREVOD Z UCTU",6669,33343,DUCHOD,OP,150186
1373,6,1995-05-11,PRIJEM,"PREVOD Z UCTU",6669,36162,DUCHOD,OP,150186
1374,6,1995-06-11,PRIJEM,"PREVOD Z UCTU",6669,30988,DUCHOD,OP,150186
1375,6,1995-07-11,PRIJEM,"PREVOD Z UCTU",6669,33804,DUCHOD,OP,150186
1376,6,1995-08-11,PRIJEM,"PREVOD Z UCTU",6669,36624,DUCHOD,OP,150186
1377,6,1995-09-11,PRIJEM,"PREVOD Z UCTU",6669,37755,DUCHOD,OP,150186
1378,6,1995-10-11,PRIJEM,"PREVOD Z UCTU",6669,40392,DUCHOD,OP,150186
1379,6,1995-11-11,PRIJEM,"PREVOD Z UCTU",6669,39238,DUCHOD,OP,150186
1380,6,1995-12-11,PRIJEM,"PREVOD Z UCTU",6669,37734,DUCHOD,OP,150186
1381,6,1996-01-11,PRIJEM,"PREVOD Z UCTU",6669,39834,DUCHOD,OP,150186
1382,6,1996-02-11,PRIJEM,"PREVOD Z UCTU",6669,32734,DUCHOD,OP,150186
1383,6,1996-03-11,PRIJEM,"PREVOD Z UCTU",6669,31704,DUCHOD,OP,150186
1384,6,1996-04-11,PRIJEM,"PREVOD Z UCTU",6669,32997,DUCHOD,OP,150186
1385,6,1996-05-11,PRIJEM,"PREVOD Z UCTU",6669,35817,DUCHOD,OP,150186
1386,6,1996-06-11,PRIJEM,"PREVOD Z UCTU",6669,27046,DUCHOD,OP,150186
1387,6,1996-07-11,PRIJEM,"PREVOD Z UCTU",6669,29856,DUCHOD,OP,150186
1388,6,1996-08-11,PRIJEM,"PREVOD Z UCTU",6669,32660,DUCHOD,OP,150186
1389,6,1996-09-11,PRIJEM,"PREVOD Z UCTU",6669,35475,DUCHOD,OP,150186
1390,6,1996-10-11,PRIJEM,"PREVOD Z UCTU",6669,38303,DUCHOD,OP,150186
1391,6,1996-11-11,PRIJEM,"PREVOD Z UCTU",6669,39460,DUCHOD,OP,150186
1392,6,1996-12-11,PRIJEM,"PREVOD Z UCTU",6669,38384,DUCHOD,OP,150186
1393,6,1997-01-11,PRIJEM,"PREVOD Z UCTU",6669,36258,DUCHOD,OP,150186
1394,6,1997-02-11,PRIJEM,"PREVOD Z UCTU",6669,30270,DUCHOD,OP,150186
1395,6,1997-03-11,PRIJEM,"PREVOD Z UCTU",6669,33075,DUCHOD,OP,150186
1396,6,1997-04-11,PRIJEM,"PREVOD Z UCTU",6669,35892,DUCHOD,OP,150186
1397,6,1997-05-11,PRIJEM,"PREVOD Z UCTU",6669,38721,DUCHOD,OP,150186
1398,6,1997-06-11,PRIJEM,"PREVOD Z UCTU",6669,41561,DUCHOD,OP,150186
1399,6,1997-07-11,PRIJEM,"PREVOD Z UCTU",6669,41400,DUCHOD,OP,150186
1400,6,1997-08-11,PRIJEM,"PREVOD Z UCTU",6669,39364,DUCHOD,OP,150186
1401,6,1997-09-11,PRIJEM,"PREVOD Z UCTU",6669,42210,DUCHOD,OP,150186
1402,6,1997-10-11,PRIJEM,"PREVOD Z UCTU",6669,45064,DUCHOD,OP,150186
1403,6,1997-11-11,PRIJEM,"PREVOD Z UCTU",6669,47931,DUCHOD,OP,150186
1404,6,1997-12-11,PRIJEM,"PREVOD Z UCTU",6669,49769,DUCHOD,OP,150186
1405,6,1998-01-11,PRIJEM,"PREVOD Z UCTU",6669,49207,DUCHOD,OP,150186
1406,6,1998-02-11,PRIJEM,"PREVOD Z UCTU",6669,42478,DUCHOD,OP,150186
1407,6,1998-03-11,PRIJEM,"PREVOD Z UCTU",6669,43093,DUCHOD,OP,150186
1408,6,1998-04-11,PRIJEM,"PREVOD Z UCTU",6669,45955,DUCHOD,OP,150186
1409,6,1998-05-11,PRIJEM,"PREVOD Z UCTU",6669,48825,DUCHOD,OP,150186
1410,6,1998-06-11,PRIJEM,"PREVOD Z UCTU",6669,49463,DUCHOD,OP,150186
1411,6,1998-07-11,PRIJEM,"PREVOD Z UCTU",6669,42255,DUCHOD,OP,150186
1412,6,1998-08-11,PRIJEM,"PREVOD Z UCTU",6669,43907,DUCHOD,OP,150186
1413,6,1998-09-11,PRIJEM,"PREVOD Z UCTU",6669,46768,DUCHOD,OP,150186
1414,6,1998-10-11,PRIJEM,"PREVOD Z UCTU",6669,46121,DUCHOD,OP,150186
1415,6,1998-11-11,PRIJEM,"PREVOD Z UCTU",6669,48997,DUCHOD,OP,150186
1416,6,1998-12-11,PRIJEM,"PREVOD Z UCTU",6669,51879,DUCHOD,OP,150186
1430,6,1995-02-12,VYDAJ,"PREVOD NA UCET",3954,30291,SIPO,AB,44486999
1431,6,1995-03-12,VYDAJ,"PREVOD NA UCET",3954,26582,SIPO,AB,44486999
1432,6,1995-04-12,VYDAJ,"PREVOD NA UCET",3954,29389,SIPO,AB,44486999
1433,6,1995-05-12,VYDAJ,"PREVOD NA UCET",3954,32208,SIPO,AB,44486999
1434,6,1995-06-12,VYDAJ,"PREVOD NA UCET",3954,27034,SIPO,AB,44486999
1435,6,1995-07-12,VYDAJ,"PREVOD NA UCET",3954,29850,SIPO,AB,44486999
1436,6,1995-08-12,VYDAJ,"PREVOD NA UCET",3954,32670,SIPO,AB,44486999
1437,6,1995-09-12,VYDAJ,"PREVOD NA UCET",3954,33801,SIPO,AB,44486999
1438,6,1995-10-12,VYDAJ,"PREVOD NA UCET",3954,36438,SIPO,AB,44486999
1439,6,1995-11-12,VYDAJ,"PREVOD NA UCET",3954,35284,SIPO,AB,44486999
1440,6,1995-12-12,VYDAJ,"PREVOD NA UCET",3954,33780,SIPO,AB,44486999
1441,6,1996-01-12,VYDAJ,"PREVOD NA UCET",3954,34600,SIPO,AB,44486999
1442,6,1996-02-12,VYDAJ,"PREVOD NA UCET",3954,28780,SIPO,AB,44486999
1443,6,1996-03-12,VYDAJ,"PREVOD NA UCET",3954,27750,SIPO,AB,44486999
1444,6,1996-04-12,VYDAJ,"PREVOD NA UCET",3954,29043,SIPO,AB,44486999
1445,6,1996-05-12,VYDAJ,"PREVOD NA UCET",3954,31863,SIPO,AB,44486999
1446,6,1996-06-12,VYDAJ,"PREVOD NA UCET",3954,23092,SIPO,AB,44486999
1447,6,1996-07-12,VYDAJ,"PREVOD NA UCET",3954,25902,SIPO,AB,44486999
1448,6,1996-08-12,VYDAJ,"PREVOD NA UCET",3954,28706,SIPO,AB,44486999
1449,6,1996-09-12,VYDAJ,"PREVOD NA UCET",3954,31521,SIPO,AB,44486999
1450,6,1996-10-12,VYDAJ,"PREVOD NA UCET",3954,34349,SIPO,AB,44486999
1451,6,1996-11-12,VYDAJ,"PREVOD NA UCET",3954,35506,SIPO,AB,44486999
